co2_room,coir50_vwc,gas_room,offset_from_utc,pressure_room,rh_room,rockwool_vwc,temp_c_room,temp_f_room,time,total_voc_room
748.0,2.9,3084469,-8.0,1026.7,48.5,9.8,21.7,71.1,2020-11-30 19:45:57,53.0
623.0,2.9,3041376,-8.0,1026.8,48.2,9.8,21.7,71.1,2020-11-30 19:56:07,33.0
737.0,2.9,3039742,-8.0,1027.1,48.2,9.9,21.7,71.1,2020-11-30 20:06:07,51.0
692.0,2.9,3039742,-8.0,1027.2,48.3,9.9,21.7,71.1,2020-11-30 20:16:08,44.0
668.0,2.9,3039742,-8.0,1027.4,48.3,9.9,21.7,71.1,2020-11-30 20:26:08,40.0
746.0,2.9,3039742,-8.0,1027.6,48.1,9.9,21.7,71.1,2020-11-30 20:36:09,52.0
840.0,2.9,3039742,-8.0,1027.8,48.0,9.9,21.7,71.1,2020-11-30 20:46:09,67.0
874.0,2.8,3039742,-8.0,1028.0,48.1,9.9,21.6,70.9,2020-11-30 20:56:09,72.0
596.0,2.8,3039742,-8.0,1028.2,48.2,9.9,21.6,70.9,2020-11-30 21:06:10,29.0
853.0,2.8,3039742,-8.0,1028.5,48.0,9.9,21.7,71.1,2020-11-30 21:16:10,69.0
865.0,2.8,734683,-8.0,1028.7,48.0,9.9,21.7,71.1,2020-11-30 21:26:11,70.0
730.0,2.8,3039742,-8.0,1028.8,47.9,9.9,21.6,70.9,2020-11-30 21:36:11,50.0
717.0,2.8,3039742,-8.0,1029.0,48.0,9.9,21.5,70.7,2020-11-30 21:46:11,48.0
631.0,2.7,3039742,-8.0,1029.1,47.7,9.9,21.5,70.7,2020-11-30 21:56:12,35.0
445.0,2.7,3039742,-8.0,1029.1,47.8,9.9,21.3,70.3,2020-11-30 22:06:12,6.0
543.0,2.7,3041376,-8.0,1029.3,47.7,9.8,21.2,70.2,2020-11-30 22:16:12,21.0
575.0,2.7,3039742,-8.0,1029.4,47.7,9.8,21.1,70.0,2020-11-30 22:26:13,26.0
526.0,2.7,3043011,-8.0,1029.3,47.8,9.8,21.0,69.8,2020-11-30 22:36:13,19.0
668.0,2.7,3041376,-8.0,1029.4,47.9,9.8,20.9,69.6,2020-11-30 22:46:13,40.0
652.0,2.7,3039742,-8.0,1029.6,47.8,9.8,20.9,69.6,2020-11-30 22:56:14,38.0
631.0,2.7,3049569,-8.0,1029.6,47.9,9.8,20.8,69.4,2020-11-30 23:06:14,35.0
620.0,2.6,3044648,-8.0,1029.8,47.9,9.8,20.8,69.4,2020-11-30 23:16:14,33.0
502.0,2.6,3039742,-8.0,1029.8,47.8,9.8,20.8,69.4,2020-11-30 23:26:15,15.0
631.0,2.6,3039742,-8.0,1030.0,47.8,9.8,20.8,69.4,2020-11-30 23:36:15,35.0
649.0,2.6,3039742,-8.0,1030.2,47.8,9.8,20.7,69.3,2020-11-30 23:46:15,37.0
659.0,2.6,3039742,-8.0,1030.5,47.7,9.8,20.6,69.1,2020-11-30 23:56:16,39.0
683.0,2.6,3039742,-8.0,1030.5,47.6,9.8,20.6,69.1,2020-12-01 00:06:16,43.0
692.0,2.6,3039742,-8.0,1030.6,47.5,9.8,20.6,69.1,2020-12-01 00:16:16,44.0
692.0,2.6,3039742,-8.0,1030.6,47.6,9.8,20.6,69.1,2020-12-01 00:26:17,44.0
543.0,2.6,3039742,-8.0,1030.7,47.6,9.8,20.6,69.1,2020-12-01 00:36:17,21.0
712.0,2.6,3039742,-8.0,1030.9,47.5,9.8,20.5,68.9,2020-12-01 00:46:18,47.0
690.0,2.5,3039742,-8.0,1031.0,47.5,9.8,20.5,68.9,2020-12-01 00:56:18,44.0
666.0,2.5,734683,-8.0,1031.1,47.4,9.8,20.5,68.9,2020-12-01 01:06:18,40.0
650.0,2.4,734683,-8.0,1031.2,47.5,9.8,20.5,68.9,2020-12-01 01:16:19,38.0
650.0,2.4,3039742,-8.0,1031.5,47.5,9.8,20.5,68.9,2020-12-01 01:26:19,38.0
706.0,2.4,734683,-8.0,1031.8,47.6,9.8,20.5,68.9,2020-12-01 01:36:19,46.0
714.0,2.4,734683,-8.0,1031.9,47.6,9.8,20.4,68.7,2020-12-01 01:46:20,47.0
748.0,2.4,734683,-8.0,1031.9,47.6,9.8,20.4,68.7,2020-12-01 01:56:20,53.0
614.0,2.4,734683,-8.0,1032.0,47.7,9.8,20.4,68.7,2020-12-01 02:06:20,32.0
742.0,2.4,734683,-8.0,1032.1,47.7,9.8,20.4,68.7,2020-12-01 02:16:21,52.0
748.0,2.4,734683,-8.0,1032.1,47.8,9.8,20.4,68.7,2020-12-01 02:26:21,53.0
748.0,2.4,734683,-8.0,1032.0,47.8,9.8,20.3,68.5,2020-12-01 02:36:22,53.0
742.0,2.4,734683,-8.0,1032.1,47.7,9.8,20.3,68.5,2020-12-01 02:46:22,52.0
518.0,2.4,734683,-8.0,1032.2,47.7,9.8,20.3,68.5,2020-12-01 02:56:22,17.0
742.0,2.4,734683,-8.0,1032.2,47.5,9.8,20.3,68.5,2020-12-01 03:06:23,52.0
759.0,2.3,734683,-8.0,1032.5,47.3,9.7,20.3,68.5,2020-12-01 03:16:23,54.0
759.0,2.3,734683,-8.0,1032.5,47.2,9.7,20.3,68.5,2020-12-01 03:26:24,54.0
748.0,2.3,734683,-8.0,1032.5,47.5,9.7,20.2,68.4,2020-12-01 03:36:24,53.0
742.0,2.3,734683,-8.0,1032.7,47.4,9.7,20.3,68.5,2020-12-01 03:46:24,52.0
742.0,2.3,734683,-8.0,1032.7,47.4,9.7,20.3,68.5,2020-12-01 03:56:25,52.0
748.0,2.3,734683,-8.0,1032.7,47.3,9.7,20.2,68.4,2020-12-01 04:06:25,53.0
748.0,2.3,734683,-8.0,1032.8,47.4,9.7,20.2,68.4,2020-12-01 04:16:25,53.0
540.0,2.3,734683,-8.0,1032.7,47.4,9.7,20.2,68.4,2020-12-01 04:26:26,21.0
706.0,2.3,734683,-8.0,1032.8,47.5,9.7,20.2,68.4,2020-12-01 04:36:26,46.0
624.0,2.2,734683,-8.0,1033.1,47.5,9.7,20.2,68.4,2020-12-01 04:46:27,34.0
660.0,2.2,734683,-8.0,1033.0,47.7,9.6,20.1,68.2,2020-12-01 04:56:27,39.0
646.0,2.2,734683,-8.0,1032.9,47.7,9.7,20.1,68.2,2020-12-01 05:06:27,37.0
627.0,2.2,734683,-8.0,1033.3,47.8,9.6,20.1,68.2,2020-12-01 05:16:28,13.0
679.0,2.1,734683,-8.0,1033.4,47.6,9.6,20.1,68.2,2020-12-01 05:26:28,42.0
694.0,2.1,734683,-8.0,1033.4,47.6,9.6,20.1,68.2,2020-12-01 05:36:29,20.0
699.0,2.1,734683,-8.0,1033.3,47.5,9.6,20.1,68.2,2020-12-01 05:46:29,45.0
712.0,2.1,734683,-8.0,1033.3,47.6,9.6,20.1,68.2,2020-12-01 05:56:29,21.0
543.0,2.1,734683,-8.0,1033.2,47.6,9.6,20.0,68.0,2020-12-01 06:06:30,21.0
825.0,2.1,734683,-8.0,1033.1,47.6,9.6,20.1,68.2,2020-12-01 06:16:30,64.0
872.0,2.1,734683,-8.0,1033.1,47.8,9.6,20.1,68.2,2020-12-01 06:26:31,71.0
1041.0,2.1,734683,-8.0,1033.0,47.9,9.6,20.1,68.2,2020-12-01 06:36:31,97.0
1012.0,2.1,734683,-8.0,1033.0,47.7,9.6,20.1,68.2,2020-12-01 06:46:32,93.0
1001.0,2.1,734683,-8.0,1033.0,47.6,9.6,20.1,68.2,2020-12-01 06:56:32,91.0
1102.0,2.1,734683,-8.0,1032.9,47.5,9.6,20.1,68.2,2020-12-01 07:06:32,106.0
1102.0,2.0,734683,-8.0,1032.9,47.7,9.6,20.1,68.2,2020-12-01 07:16:33,106.0
1156.0,2.0,734683,-8.0,1033.0,47.4,9.6,20.2,68.4,2020-12-01 07:26:33,115.0
1425.0,2.0,734683,-8.0,1033.0,47.3,9.6,20.2,68.4,2020-12-01 07:36:33,156.0
1425.0,2.0,734683,-8.0,1032.9,47.3,9.6,20.2,68.4,2020-12-01 07:46:34,156.0
1503.0,1.9,734683,-8.0,1032.9,47.1,9.6,20.2,68.4,2020-12-01 07:56:34,168.0
1597.0,2.0,734683,-8.0,1032.9,47.7,9.7,20.0,68.0,2020-12-01 08:06:34,182.0
1776.0,2.0,3039742,-8.0,1033.1,48.5,9.7,19.6,67.3,2020-12-01 08:16:35,209.0
2970.0,2.0,3039742,-8.0,1033.3,49.1,9.6,19.6,67.3,2020-12-01 08:26:35,391.0
3176.0,2.0,3039742,-8.0,1033.3,49.4,9.6,19.5,67.1,2020-12-01 08:36:35,422.0
3023.0,2.0,3041376,-8.0,1033.5,49.8,9.6,19.5,67.1,2020-12-01 08:46:36,399.0
2970.0,2.0,3092896,-8.0,1033.6,50.0,9.6,19.5,67.1,2020-12-01 08:54:19,391.0
548.0,2.0,3049569,-8.0,1033.6,50.1,9.6,19.5,67.1,2020-12-01 09:04:29,22.0
780.0,2.0,3039742,-8.0,1033.7,50.5,9.6,19.7,67.5,2020-12-01 09:14:30,57.0
715.0,2.0,3039742,-8.0,1033.8,50.7,9.6,20.0,68.0,2020-12-01 09:24:30,47.0
851.0,2.0,3039742,-8.0,1033.9,50.5,9.6,20.1,68.2,2020-12-01 09:34:31,68.0
715.0,1.9,3039742,-8.0,1033.9,50.5,9.6,20.1,68.2,2020-12-01 09:44:31,47.0
637.0,2.0,3039742,-8.0,1034.0,50.4,9.6,20.2,68.4,2020-12-01 09:54:31,36.0
565.0,1.9,3039742,-8.0,1034.0,50.6,9.5,20.1,68.2,2020-12-01 10:04:32,25.0
599.0,1.9,3039742,-8.0,1034.1,50.7,9.5,20.2,68.4,2020-12-01 10:14:32,11.0
476.0,1.9,3039742,-8.0,1034.0,50.4,9.5,20.1,68.2,2020-12-01 10:24:32,11.0
457.0,1.9,3039742,-8.0,1034.0,50.8,9.5,20.1,68.2,2020-12-01 10:34:33,8.0
699.0,1.9,3039742,-8.0,1033.8,50.8,9.4,20.0,68.0,2020-12-01 10:44:33,45.0
536.0,1.9,3039742,-8.0,1033.7,51.0,9.4,20.0,68.0,2020-12-01 10:54:33,20.0
697.0,1.9,3041376,-8.0,1033.6,50.8,9.4,20.0,68.0,2020-12-01 11:04:34,45.0
865.0,1.9,3039742,-8.0,1033.4,51.0,9.4,20.0,68.0,2020-12-01 11:14:34,70.0
956.0,1.9,3046286,-8.0,1033.4,51.0,9.4,19.9,67.8,2020-12-01 11:24:34,84.0
895.0,1.8,3043011,-8.0,1033.3,51.2,9.4,19.9,67.8,2020-12-01 11:34:35,75.0
778.0,1.8,3064429,-8.0,1033.2,51.3,9.4,19.8,67.6,2020-12-01 11:44:35,57.0
735.0,1.8,3064429,-8.0,1033.1,51.6,9.4,19.8,67.6,2020-12-01 11:54:35,51.0
659.0,1.8,3079434,-8.0,1033.0,51.6,9.4,19.8,67.6,2020-12-01 12:04:35,39.0
633.0,1.8,3081111,-8.0,1032.7,51.5,9.4,19.9,67.8,2020-12-01 12:14:36,35.0
666.0,1.8,3099671,-8.0,1032.5,51.7,9.3,19.9,67.8,2020-12-01 12:24:36,40.0
612.0,1.8,3120176,-8.0,1032.4,51.4,9.4,19.8,67.6,2020-12-01 12:34:36,32.0
581.0,1.8,3137472,-8.0,1032.3,51.6,9.3,19.7,67.5,2020-12-01 12:44:37,27.0
564.0,1.8,3140954,-8.0,1032.1,51.5,9.3,19.8,67.6,2020-12-01 12:54:37,24.0
564.0,1.8,3127072,-8.0,1032.0,51.6,9.3,19.8,67.6,2020-12-01 13:04:37,24.0
602.0,1.8,3144444,-8.0,1031.9,51.7,9.3,19.8,67.6,2020-12-01 13:14:38,8.0
564.0,1.8,3149694,-8.0,1031.8,51.4,9.3,19.7,67.5,2020-12-01 13:24:38,24.0
455.0,1.8,3147942,-8.0,1031.7,51.7,9.3,19.7,67.5,2020-12-01 13:34:38,8.0
549.0,1.8,3142699,-8.0,1031.5,51.6,9.3,19.7,67.5,2020-12-01 13:44:39,22.0
477.0,1.8,3147942,-8.0,1031.3,51.6,9.3,19.7,67.5,2020-12-01 13:54:39,11.0
679.0,1.8,3153203,-8.0,1031.2,51.6,9.3,19.7,67.5,2020-12-01 14:04:39,42.0
560.0,1.8,3151448,-8.0,1031.1,51.6,9.3,19.7,67.5,2020-12-01 14:14:40,24.0
668.0,1.8,3154961,-8.0,1031.0,51.4,9.3,19.7,67.5,2020-12-01 14:24:40,40.0
715.0,1.8,3176207,-8.0,1031.0,51.5,9.2,19.7,67.5,2020-12-01 14:34:40,47.0
744.0,1.8,3176207,-8.0,1030.9,51.6,9.2,19.9,67.8,2020-12-01 14:44:41,52.0
798.0,1.8,3142699,-8.0,1030.8,51.4,9.3,20.1,68.2,2020-12-01 14:54:41,60.0
761.0,1.8,3162011,-8.0,1030.6,50.9,9.2,20.1,68.2,2020-12-01 15:04:42,54.0
798.0,1.8,3163779,-8.0,1030.6,51.3,9.3,20.1,68.2,2020-12-01 15:14:42,60.0
584.0,1.8,16389,-8.0,1257.7,100.0,1.8,-125.1,-193.2,2020-12-01 15:24:42,28.0
659.0,1.8,3174425,-8.0,1030.6,51.1,9.2,20.0,68.0,2020-12-01 15:34:43,39.0
645.0,1.8,3194131,-8.0,1030.4,51.0,9.2,19.9,67.8,2020-12-01 15:44:43,37.0
666.0,1.8,3199548,-8.0,1030.3,51.1,9.2,19.9,67.8,2020-12-01 15:54:43,40.0
400.0,1.7,3179775,-8.0,1030.4,51.2,9.2,19.9,67.8,2020-12-01 16:04:43,0.0
683.0,1.7,3130531,-8.0,1030.4,49.6,9.1,20.6,69.1,2020-12-01 16:14:44,43.0
520.0,1.7,3092896,-8.0,1030.1,48.8,9.2,20.9,69.6,2020-12-01 16:24:44,18.0
694.0,1.7,3069414,-8.0,1030.0,48.3,9.2,21.1,70.0,2020-12-01 16:34:44,44.0
671.0,1.7,3047927,-8.0,1030.0,47.7,9.2,21.2,70.2,2020-12-01 16:44:44,41.0
653.0,1.7,3039742,-8.0,1029.9,47.7,9.2,21.3,70.3,2020-12-01 16:54:45,38.0
683.0,1.7,3039742,-8.0,1029.8,47.6,9.3,21.4,70.5,2020-12-01 17:04:45,43.0
564.0,1.7,3039742,-8.0,1029.9,47.4,9.3,21.5,70.7,2020-12-01 17:14:45,24.0
694.0,1.7,734683,-8.0,1029.9,47.0,9.3,21.5,70.7,2020-12-01 17:24:46,44.0
752.0,1.6,3039742,-8.0,1029.8,47.0,9.3,21.5,70.7,2020-12-01 17:34:46,53.0
752.0,1.6,734683,-8.0,1029.7,47.0,9.3,21.5,70.7,2020-12-01 17:44:46,53.0
728.0,1.6,734683,-8.0,1029.6,47.0,9.4,21.5,70.7,2020-12-01 17:54:46,49.0
530.0,1.6,3039742,-8.0,1029.5,46.7,9.4,21.5,70.7,2020-12-01 18:04:47,19.0
770.0,1.6,734683,-8.0,1029.5,46.6,9.4,21.6,70.9,2020-12-01 18:14:47,56.0
798.0,1.6,734683,-8.0,1029.5,46.8,9.4,21.5,70.7,2020-12-01 18:24:47,60.0
653.0,1.6,3039742,-8.0,1029.4,46.7,9.4,21.5,70.7,2020-12-01 18:34:48,38.0
653.0,9.4,734683,-8.0,1049.4,48.0,9.4,33.4,92.1,2020-12-01 18:44:48,41.0
671.0,1.5,734683,-8.0,1029.4,46.3,9.4,21.6,70.9,2020-12-01 18:54:49,41.0
671.0,1.5,3039742,-8.0,1029.3,46.5,9.4,21.5,70.7,2020-12-01 19:04:49,41.0
671.0,1.5,3039742,-8.0,1029.2,46.4,9.4,21.6,70.9,2020-12-01 19:14:50,41.0
1105.0,1.5,734683,-8.0,1029.1,46.4,9.4,21.6,70.9,2020-12-01 19:24:50,107.0
1252.0,1.4,3039742,-8.0,1029.0,46.3,9.4,21.6,70.9,2020-12-01 19:34:50,129.0
1584.0,1.4,3039742,-8.0,1028.9,46.2,9.4,21.6,70.9,2020-12-01 19:44:51,180.0
1820.0,1.4,3039742,-8.0,1028.7,46.3,9.4,21.6,70.9,2020-12-01 19:54:51,216.0
1743.0,1.4,3039742,-8.0,1028.6,46.3,9.4,21.6,70.9,2020-12-01 20:04:51,204.0
1900.0,1.4,3039742,-8.0,1028.6,46.5,9.4,21.7,71.1,2020-12-01 20:14:52,228.0
,-0.7,3099671,-8.0,1028.5,47.6,2.3,21.5,70.7,2020-12-01 20:17:40,
1850.0,11.0,3043011,-8.0,1028.5,47.8,8.9,21.5,70.7,2020-12-01 20:36:15,220.0
1458.0,12.4,3062771,-8.0,1028.4,49.3,9.1,21.1,70.0,2020-12-01 20:46:16,161.0
1161.0,11.5,3066089,-8.0,1028.2,49.5,9.4,20.9,69.6,2020-12-01 20:56:16,115.0
1096.0,10.5,3084469,-8.0,1028.1,49.9,9.2,20.6,69.1,2020-12-01 21:06:16,106.0
3748.0,18.2,3096280,-8.0,1028.0,50.1,9.7,20.4,68.7,2020-12-01 21:16:17,510.0
3625.0,9.6,3099671,-8.0,1028.0,50.3,8.6,20.3,68.5,2020-12-01 21:26:17,491.0
3988.0,9.5,3092896,-8.0,1027.9,50.4,8.4,20.1,68.2,2020-12-01 21:36:18,546.0
4218.0,12.4,3092896,-8.0,1027.8,50.5,9.4,20.1,68.2,2020-12-01 21:46:18,581.0
3828.0,10.7,3076087,-8.0,1027.7,50.5,9.1,20.0,68.0,2020-12-01 21:56:18,522.0
3828.0,12.6,3074416,-8.0,1027.6,50.5,9.4,20.0,68.0,2020-12-01 22:06:19,522.0
3116.0,12.9,3081111,-8.0,1027.5,50.4,9.4,19.9,67.8,2020-12-01 22:16:19,413.0
3200.0,11.5,3071080,-8.0,1027.5,50.6,9.3,19.8,67.6,2020-12-01 22:26:20,426.0
2911.0,11.7,3226910,-8.0,1027.3,50.5,9.2,19.8,67.6,2020-12-01 22:46:34,382.0
726.0,12.4,3071080,-8.0,1027.2,50.6,9.4,19.7,67.5,2020-12-01 22:56:44,49.0
652.0,11.0,3056156,-8.0,1027.2,50.5,9.3,19.6,67.3,2020-12-01 23:06:45,38.0
1728.0,12.1,3051213,-8.0,1027.2,50.5,9.3,19.6,67.3,2020-12-01 23:16:45,202.0
1895.0,13.6,3039742,-8.0,1027.0,50.4,9.4,19.5,67.1,2020-12-01 23:26:46,227.0
1762.0,13.2,3039742,-8.0,1026.9,50.6,9.4,19.5,67.1,2020-12-01 23:36:46,207.0
1717.0,12.3,3039742,-8.0,1026.8,50.6,9.4,19.5,67.1,2020-12-01 23:46:47,200.0
1345.0,12.5,3039742,-8.0,1026.8,50.5,9.3,19.5,67.1,2020-12-01 23:56:47,143.0
1717.0,11.5,734683,-8.0,1026.4,50.4,9.3,19.5,67.1,2020-12-02 00:06:47,200.0
1621.0,11.1,734683,-8.0,1026.2,50.5,9.3,19.4,66.9,2020-12-02 00:16:48,186.0
1669.0,11.0,734683,-8.0,1026.1,50.6,9.3,19.3,66.7,2020-12-02 00:26:48,193.0
1597.0,10.5,734683,-8.0,1025.9,50.6,9.2,19.3,66.7,2020-12-02 00:36:49,182.0
1153.0,10.1,734683,-8.0,1025.7,50.5,9.2,19.3,66.7,2020-12-02 00:46:49,114.0
1650.0,9.8,734683,-8.0,1025.7,50.5,9.1,19.3,66.7,2020-12-02 00:56:50,190.0
1879.0,9.0,734683,-8.0,1025.6,50.6,8.4,19.2,66.6,2020-12-02 01:06:50,225.0
2382.0,9.2,734683,-8.0,1025.5,50.5,8.7,19.2,66.6,2020-12-02 01:16:50,301.0
2382.0,9.4,734683,-8.0,1025.2,50.5,8.8,19.1,66.4,2020-12-02 01:26:51,301.0
3164.0,9.5,734683,-8.0,1025.2,50.5,9.0,19.1,66.4,2020-12-02 01:36:51,421.0
2509.0,8.8,734683,-8.0,1025.1,50.4,8.2,19.1,66.4,2020-12-02 01:46:51,321.0
2605.0,9.0,734683,-8.0,1025.0,50.4,8.5,19.1,66.4,2020-12-02 01:56:51,335.0
3107.0,11.4,734683,-8.0,1024.9,50.3,9.3,19.0,66.2,2020-12-02 02:06:52,412.0
3296.0,14.8,734683,-8.0,1024.9,50.4,9.5,19.0,66.2,2020-12-02 02:16:52,441.0
2605.0,15.0,734683,-8.0,1024.9,50.5,9.5,19.0,66.2,2020-12-02 02:26:52,335.0
2605.0,15.8,734683,-8.0,1024.7,50.4,9.5,19.0,66.2,2020-12-02 02:36:53,335.0
2534.0,16.8,734683,-8.0,1024.6,50.3,9.6,19.0,66.2,2020-12-02 02:46:53,325.0
2998.0,16.2,734683,-8.0,1024.4,50.3,9.6,18.9,66.0,2020-12-02 02:56:53,395.0
2998.0,14.9,734683,-8.0,1024.3,50.3,9.6,18.9,66.0,2020-12-02 03:06:54,395.0
2929.0,16.9,734683,-8.0,1024.1,50.2,9.6,18.9,66.0,2020-12-02 03:16:54,385.0
3107.0,17.0,734683,-8.0,1023.9,50.1,9.6,18.9,66.0,2020-12-02 03:26:54,412.0
3107.0,15.9,734683,-8.0,1023.7,50.1,9.6,18.9,66.0,2020-12-02 03:36:55,412.0
3164.0,16.7,734683,-8.0,1023.6,50.1,9.6,18.9,66.0,2020-12-02 03:46:55,421.0
2420.0,16.5,734683,-8.0,1023.4,50.0,9.6,18.8,65.8,2020-12-02 03:56:55,307.0
3067.0,15.8,734683,-8.0,1023.2,50.1,9.6,18.8,65.8,2020-12-02 04:06:56,406.0
3067.0,15.7,734683,-8.0,1023.2,50.1,9.6,18.8,65.8,2020-12-02 04:16:56,406.0
3372.0,15.4,734683,-8.0,1023.1,49.7,9.6,19.0,66.2,2020-12-02 04:26:56,452.0
3337.0,15.6,734683,-8.0,1023.0,49.7,9.6,19.0,66.2,2020-12-02 04:36:57,447.0
3237.0,15.7,734683,-8.0,1022.8,49.9,9.6,19.0,66.2,2020-12-02 04:46:57,432.0
3237.0,15.3,734683,-8.0,1022.7,49.8,9.6,19.0,66.2,2020-12-02 04:56:57,432.0
3825.0,15.6,734683,-8.0,1022.7,49.4,9.6,19.2,66.6,2020-12-02 05:06:58,521.0
3825.0,15.7,734683,-8.0,1022.6,49.1,9.6,19.3,66.7,2020-12-02 05:16:58,521.0
3984.0,15.6,734683,-8.0,1022.4,49.1,9.6,19.3,66.7,2020-12-02 05:26:58,546.0
4290.0,15.3,734683,-8.0,1022.4,48.9,9.6,19.4,66.9,2020-12-02 05:36:59,592.0
4190.0,14.5,734683,-8.0,1022.3,48.8,9.6,19.4,66.9,2020-12-02 05:46:59,577.0
4290.0,15.2,734683,-8.0,1022.2,48.8,9.6,19.4,66.9,2020-12-02 05:56:59,592.0
4419.0,13.7,734683,-8.0,1022.2,48.7,9.6,19.5,67.1,2020-12-02 06:07:00,612.0
4419.0,13.4,734683,-8.0,1022.0,48.6,9.6,19.4,66.9,2020-12-02 06:17:00,612.0
4419.0,13.6,734683,-8.0,1022.0,48.6,9.6,19.4,66.9,2020-12-02 06:27:00,612.0
4582.0,13.2,734683,-8.0,1021.9,48.6,9.6,19.4,66.9,2020-12-02 06:37:01,637.0
3515.0,12.9,734683,-8.0,1021.6,48.7,9.6,19.3,66.7,2020-12-02 06:47:01,474.0
4706.0,13.2,734683,-8.0,1021.5,48.2,9.6,19.6,67.3,2020-12-02 06:57:01,655.0
4639.0,13.4,734683,-8.0,1021.5,48.5,9.6,19.4,66.9,2020-12-02 07:07:02,645.0
5663.0,13.8,734683,-8.0,1021.4,48.2,9.6,19.5,67.1,2020-12-02 07:17:02,801.0
5471.0,79.5,734683,-8.0,1021.3,48.2,9.6,19.4,66.9,2020-12-02 07:27:02,772.0
5827.0,13.3,734683,-8.0,1021.3,48.0,9.6,19.6,67.3,2020-12-02 07:37:03,826.0
6117.0,13.5,734683,-8.0,1021.2,47.8,9.7,19.8,67.6,2020-12-02 07:47:03,870.0
7086.0,13.4,734683,-8.0,1021.4,46.7,9.6,20.5,68.9,2020-12-02 07:57:03,1018.0
7583.0,12.9,734683,-8.0,1021.3,46.5,9.8,20.7,69.3,2020-12-02 08:07:04,1094.0
7208.0,13.1,734683,-8.0,1021.3,48.0,9.7,19.8,67.6,2020-12-02 08:17:04,790.0
7454.0,13.0,734683,-8.0,1021.3,48.0,9.7,19.9,67.8,2020-12-02 08:27:05,1074.0
7086.0,12.7,734683,-8.0,1021.4,48.0,9.7,20.0,68.0,2020-12-02 08:37:05,1018.0
7208.0,13.0,734683,-8.0,1021.2,47.8,9.8,19.8,67.6,2020-12-02 08:47:05,1037.0
7984.0,13.2,734683,-8.0,1021.1,48.0,9.7,19.9,67.8,2020-12-02 08:57:06,1155.0
7984.0,13.1,734683,-8.0,1021.0,48.1,9.7,20.0,68.0,2020-12-02 09:07:06,1155.0
7839.0,13.2,734683,-8.0,1021.0,48.6,9.7,20.0,68.0,2020-12-02 09:17:07,1133.0
7730.0,13.2,734683,-8.0,1021.0,48.6,12.5,20.0,68.0,2020-12-02 09:27:07,1116.0
7730.0,13.1,734683,-8.0,1021.0,49.3,9.7,20.1,68.2,2020-12-02 09:37:07,1116.0
7462.0,13.1,734683,-8.0,1021.0,48.9,9.7,20.0,68.0,2020-12-02 09:47:08,1075.0
7462.0,13.2,734683,-8.0,1020.9,49.2,9.7,20.0,68.0,2020-12-02 09:57:08,1075.0
6255.0,13.1,734683,-8.0,1020.9,49.1,9.7,20.0,68.0,2020-12-02 10:07:08,891.0
6332.0,13.1,734683,-8.0,1020.8,49.1,9.7,20.0,68.0,2020-12-02 10:17:09,903.0
6153.0,13.0,734683,-8.0,1020.7,49.3,9.7,20.1,68.2,2020-12-02 10:27:09,876.0
3905.0,13.1,734683,-8.0,1020.5,49.1,9.6,19.9,67.8,2020-12-02 10:37:09,533.0
6070.0,13.2,734683,-8.0,1020.5,49.5,9.6,19.9,67.8,2020-12-02 10:47:10,863.0
5861.0,12.5,734683,-8.0,1020.3,49.7,9.6,20.0,68.0,2020-12-02 10:57:10,831.0
4622.0,13.1,734683,-8.0,1020.3,49.9,9.6,20.2,68.4,2020-12-02 11:07:10,643.0
5430.0,12.9,734683,-8.0,1020.1,50.0,9.6,20.2,68.4,2020-12-02 11:17:11,766.0
5282.0,13.0,734683,-8.0,1019.8,50.0,9.6,20.3,68.5,2020-12-02 11:27:11,743.0
5197.0,13.1,734683,-8.0,1019.6,50.2,9.6,20.3,68.5,2020-12-02 11:37:11,730.0
4907.0,13.1,734683,-8.0,1019.5,50.2,9.6,20.3,68.5,2020-12-02 11:47:12,686.0
3949.0,12.8,734683,-8.0,1019.5,50.4,9.6,20.3,68.5,2020-12-02 11:57:12,540.0
6070.0,12.7,734683,-8.0,1019.4,50.5,9.6,20.3,68.5,2020-12-02 12:07:12,863.0
6070.0,12.7,734683,-8.0,1019.4,50.5,9.6,20.2,68.4,2020-12-02 12:17:13,863.0
5690.0,12.7,734683,-8.0,1019.3,50.7,9.6,20.2,68.4,2020-12-02 12:27:13,663.0
5690.0,12.8,734683,-8.0,1019.2,50.7,9.6,20.2,68.4,2020-12-02 12:37:13,805.0
5690.0,12.8,734683,-8.0,1019.2,50.8,9.6,20.2,68.4,2020-12-02 12:47:14,805.0
5430.0,12.7,734683,-8.0,1019.1,51.0,9.6,20.2,68.4,2020-12-02 12:57:14,766.0
5041.0,12.9,734683,-8.0,1019.0,50.9,9.6,20.1,68.2,2020-12-02 13:07:14,707.0
4142.0,13.0,734683,-8.0,1019.0,51.1,9.6,20.1,68.2,2020-12-02 13:17:15,570.0
4907.0,12.9,734683,-8.0,1019.0,51.0,9.6,20.1,68.2,2020-12-02 13:27:15,686.0
4907.0,12.8,734683,-8.0,1019.0,51.3,9.6,20.1,68.2,2020-12-02 13:37:15,686.0
4679.0,12.6,734683,-8.0,1018.8,51.1,9.6,20.1,68.2,2020-12-02 13:47:16,651.0
4822.0,12.8,734683,-8.0,1018.7,50.9,9.6,20.1,68.2,2020-12-02 13:57:16,673.0
4014.0,12.5,734683,-8.0,1018.7,51.0,9.6,20.1,68.2,2020-12-02 14:07:16,550.0
4679.0,12.6,734683,-8.0,1018.5,51.1,9.6,20.1,68.2,2020-12-02 14:17:17,651.0
5126.0,12.5,734683,-8.0,1018.5,51.2,9.6,20.1,68.2,2020-12-02 14:27:17,719.0
5041.0,12.4,734683,-8.0,1018.4,51.0,9.6,20.1,68.2,2020-12-02 14:37:17,707.0
6332.0,12.3,734683,-8.0,1018.5,51.0,9.6,20.0,68.0,2020-12-02 14:47:18,903.0
5430.0,12.5,734683,-8.0,1018.6,51.0,9.5,20.0,68.0,2020-12-02 14:57:18,766.0
6153.0,12.4,734683,-8.0,1018.5,51.3,9.5,19.9,67.8,2020-12-02 15:07:18,876.0
5690.0,12.5,734683,-8.0,1018.6,51.1,9.6,20.0,68.0,2020-12-02 15:17:19,805.0
5348.0,12.5,734683,-8.0,1018.5,51.0,9.5,20.0,68.0,2020-12-02 15:27:19,753.0
4964.0,12.6,734683,-8.0,1018.5,51.0,9.5,19.9,67.8,2020-12-02 15:37:19,695.0
4142.0,12.6,3039742,-8.0,1018.5,51.0,9.6,19.9,67.8,2020-12-02 15:47:20,570.0
5197.0,11.8,3039742,-8.0,1018.6,51.0,9.6,19.9,67.8,2020-12-02 15:57:20,730.0
5525.0,12.2,734683,-8.0,1018.6,50.9,9.5,19.9,67.8,2020-12-02 16:07:20,780.0
5861.0,11.6,734683,-8.0,1018.6,50.4,9.5,20.3,68.5,2020-12-02 16:17:21,831.0
5794.0,11.4,734683,-8.0,1018.5,50.2,9.5,20.5,68.9,2020-12-02 16:27:21,821.0
6255.0,11.3,734683,-8.0,1018.5,50.0,9.5,20.7,69.3,2020-12-02 16:37:21,891.0
6255.0,11.5,734683,-8.0,1018.5,49.9,9.5,20.8,69.4,2020-12-02 16:47:22,891.0
4068.0,11.3,734683,-8.0,1018.4,49.8,9.5,20.8,69.4,2020-12-02 16:57:22,558.0
7126.0,11.2,734683,-8.0,1018.4,49.6,9.5,20.9,69.6,2020-12-02 17:07:22,1024.0
7462.0,11.2,734683,-8.0,1018.3,49.8,9.5,20.8,69.4,2020-12-02 17:17:23,1075.0
6070.0,10.5,734683,-8.0,1018.2,49.5,9.5,21.0,69.8,2020-12-02 17:27:23,863.0
7462.0,10.7,734683,-8.0,1018.4,49.6,9.5,20.8,69.4,2020-12-02 17:37:23,1075.0
7462.0,10.6,734683,-8.0,1018.5,49.8,9.5,20.6,69.1,2020-12-02 17:47:24,1075.0
7985.0,10.0,3039742,-8.0,1018.4,49.9,9.5,20.4,68.7,2020-12-02 17:57:24,1155.0
7612.0,9.9,3039742,-8.0,1018.5,50.0,9.5,20.3,68.5,2020-12-02 18:07:24,1098.0
7391.0,9.9,3039742,-8.0,1018.6,50.1,9.5,20.2,68.4,2020-12-02 18:17:25,1065.0
7510.0,9.9,3047927,-8.0,1018.6,50.0,9.5,20.1,68.2,2020-12-02 18:27:25,1083.0
6393.0,9.8,3066089,-8.0,1018.7,50.0,9.5,20.0,68.0,2020-12-02 18:37:26,912.0
7264.0,9.9,3071080,-8.0,1018.7,50.1,9.5,19.9,67.8,2020-12-02 18:47:26,1045.0
7391.0,9.9,3097975,-8.0,1018.6,50.0,9.5,19.9,67.8,2020-12-02 18:57:26,1065.0
7391.0,9.8,3082789,-8.0,1018.7,49.8,9.5,20.1,68.2,2020-12-02 19:07:27,1065.0
7391.0,9.9,3092896,-8.0,1018.7,49.6,9.5,20.1,68.2,2020-12-02 19:17:27,1065.0
6925.0,9.9,3097975,-8.0,1018.7,49.7,9.5,20.0,68.0,2020-12-02 19:27:27,994.0
6279.0,9.5,3111600,-8.0,1018.9,49.7,9.5,19.9,67.8,2020-12-02 19:37:28,895.0
6279.0,9.5,3120176,-8.0,1019.0,49.6,9.5,20.0,68.0,2020-12-02 19:47:28,895.0
7612.0,9.4,3062771,-8.0,1019.0,48.9,9.4,20.6,69.1,2020-12-02 19:57:28,1098.0
7839.0,9.3,3061114,-8.0,1018.9,48.8,9.5,20.5,68.9,2020-12-02 20:07:29,1133.0
7626.0,9.2,3079434,-8.0,1019.0,48.8,9.5,20.5,68.9,2020-12-02 20:17:29,1100.0
7708.0,9.3,3046286,-8.0,1019.0,48.1,9.5,20.9,69.6,2020-12-02 20:27:30,1113.0
6303.0,9.2,3046286,-8.0,1019.1,48.4,9.5,20.8,69.4,2020-12-02 20:37:30,899.0
7835.0,9.2,3039742,-8.0,1019.3,48.0,9.5,21.1,70.0,2020-12-02 20:47:31,1132.0
7461.0,9.4,3044648,-8.0,1019.4,48.0,9.5,21.0,69.8,2020-12-02 20:57:31,1075.0
5968.0,9.2,3067751,-8.0,1019.5,47.9,9.5,21.0,69.8,2020-12-02 21:07:31,848.0
7854.0,9.2,3066089,-8.0,1019.5,47.8,9.5,21.1,70.0,2020-12-02 21:17:32,1135.0
7107.0,9.5,3086150,-8.0,1019.6,47.9,9.5,20.9,69.6,2020-12-02 21:27:32,1021.0
6362.0,9.3,3125345,-8.0,1019.6,47.7,9.5,20.8,69.4,2020-12-02 21:37:32,908.0
5707.0,9.2,3153203,-8.0,1019.6,47.5,9.5,20.6,69.1,2020-12-02 21:47:33,808.0
5327.0,9.3,3172646,-8.0,1019.7,47.7,9.6,20.4,68.7,2020-12-02 21:57:33,750.0
4631.0,9.2,3199548,-8.0,1019.6,47.8,9.5,20.3,68.5,2020-12-02 22:07:33,644.0
3923.0,9.2,3219568,-8.0,1019.7,47.9,9.5,20.2,68.4,2020-12-02 22:17:34,536.0
4262.0,9.1,3243553,-8.0,1019.7,48.0,9.5,20.1,68.2,2020-12-02 22:27:34,588.0
3720.0,9.0,3252874,-8.0,1019.6,48.0,9.5,20.0,68.0,2020-12-02 22:37:34,505.0
3635.0,8.9,3279258,-8.0,1019.7,47.9,9.5,20.0,68.0,2020-12-02 22:47:35,492.0
3502.0,8.8,3262248,-8.0,1019.6,47.9,9.5,20.0,68.0,2020-12-02 22:57:35,472.0
3535.0,8.8,3262248,-8.0,1019.7,47.9,9.5,20.0,68.0,2020-12-02 23:07:36,477.0
3131.0,8.8,3284968,-8.0,1019.7,47.9,9.4,19.9,67.8,2020-12-02 23:17:36,416.0
3408.0,8.7,3288786,-8.0,1019.6,47.8,9.5,19.9,67.8,2020-12-02 23:27:36,458.0
3408.0,8.7,3292612,-8.0,1019.7,47.8,9.5,19.8,67.6,2020-12-02 23:37:36,458.0
3369.0,8.6,3313817,-8.0,1019.7,47.9,9.4,19.8,67.6,2020-12-02 23:47:37,452.0
3284.0,8.5,3304145,-8.0,1019.7,47.9,9.4,19.8,67.6,2020-12-02 23:57:37,439.0
2663.0,8.5,3304145,-8.0,1019.7,47.9,9.4,19.7,67.5,2020-12-03 00:07:37,344.0
3330.0,8.6,3333333,-8.0,1019.8,48.0,9.4,19.7,67.5,2020-12-03 00:17:38,446.0
3023.0,8.6,3343178,-8.0,1019.9,48.0,9.3,19.6,67.3,2020-12-03 00:27:38,399.0
2951.0,8.6,3349112,-8.0,1019.9,48.2,9.3,19.6,67.3,2020-12-03 00:37:38,388.0
1982.0,8.6,3349112,-8.0,1020.0,48.2,9.3,19.6,67.3,2020-12-03 00:47:39,241.0
2922.0,8.6,3361045,-8.0,1020.0,48.1,9.4,19.5,67.1,2020-12-03 00:57:39,384.0
2300.0,8.4,3369048,-8.0,1020.2,48.2,9.3,19.4,66.9,2020-12-03 01:07:40,289.0
2850.0,8.3,3373063,-8.0,1020.2,48.2,9.3,19.4,66.9,2020-12-03 01:17:40,373.0
2820.0,8.5,3381123,-8.0,1020.2,48.3,9.4,19.4,66.9,2020-12-03 01:27:40,368.0
2749.0,8.3,3381123,-8.0,1020.3,48.3,9.3,19.4,66.9,2020-12-03 01:37:40,357.0
2724.0,8.4,3385167,-8.0,1020.4,48.2,9.4,19.4,66.9,2020-12-03 01:47:41,354.0
2328.0,8.4,3383144,-8.0,1020.4,48.2,9.4,19.3,66.7,2020-12-03 01:57:41,293.0
2632.0,8.3,3403488,-8.0,1020.4,48.3,9.4,19.2,66.6,2020-12-03 02:07:41,340.0
2632.0,8.3,3407586,-8.0,1020.5,48.4,9.3,19.2,66.6,2020-12-03 02:17:42,340.0
2663.0,8.3,3403488,-8.0,1020.4,48.4,9.4,19.2,66.6,2020-12-03 02:27:42,344.0
2663.0,8.3,3424077,-8.0,1020.5,48.3,9.4,19.2,66.6,2020-12-03 02:37:42,344.0
2632.0,8.3,3409639,-8.0,1020.6,48.4,9.4,19.1,66.4,2020-12-03 02:47:43,340.0
2603.0,8.2,3417874,-8.0,1020.6,48.4,9.4,19.1,66.4,2020-12-03 02:57:43,335.0
2603.0,8.1,3432383,-8.0,1020.7,48.4,9.3,19.1,66.4,2020-12-03 03:07:44,335.0
2603.0,8.1,3424077,-8.0,1020.6,48.3,9.3,19.1,66.4,2020-12-03 03:17:44,335.0
2663.0,8.0,3424077,-8.0,1020.5,48.3,9.3,19.1,66.4,2020-12-03 03:27:44,344.0
2724.0,8.0,3432383,-8.0,1020.3,48.3,9.3,19.0,66.2,2020-12-03 03:37:44,354.0
2663.0,8.0,3436551,-8.0,1020.2,48.3,9.3,19.0,66.2,2020-12-03 03:47:45,344.0
2689.0,7.9,3411694,-8.0,1020.2,48.4,9.3,19.0,66.2,2020-12-03 03:57:45,348.0
2724.0,8.0,3430303,-8.0,1020.2,48.4,9.3,19.0,66.2,2020-12-03 04:07:45,354.0
2850.0,8.0,3438639,-8.0,1020.1,48.4,9.3,19.0,66.2,2020-12-03 04:17:46,373.0
2850.0,8.0,3407586,-8.0,1020.1,48.3,9.3,19.1,66.4,2020-12-03 04:27:46,373.0
3252.0,8.0,3407586,-8.0,1020.1,48.0,9.3,19.2,66.6,2020-12-03 04:37:47,434.0
3089.0,8.0,3403488,-8.0,1020.0,48.0,9.3,19.2,66.6,2020-12-03 04:47:47,409.0
3089.0,7.9,3403488,-8.0,1020.0,48.0,9.3,19.1,66.4,2020-12-03 04:57:47,409.0
3131.0,7.9,3401442,-8.0,1019.9,48.0,9.3,19.1,66.4,2020-12-03 05:07:48,416.0
3635.0,7.9,3375075,-8.0,1020.1,47.7,9.4,19.3,66.7,2020-12-03 05:17:48,492.0
3284.0,7.9,3383144,-8.0,1020.1,47.8,9.3,19.2,66.6,2020-12-03 05:27:48,439.0
3678.0,7.8,3343178,-8.0,1020.2,47.4,9.3,19.5,67.1,2020-12-03 05:37:48,499.0
3459.0,7.8,3355068,-8.0,1020.2,47.6,9.3,19.4,66.9,2020-12-03 05:47:49,466.0
3872.0,7.8,3341204,-8.0,1020.2,47.2,9.4,19.6,67.3,2020-12-03 05:57:49,422.0
3535.0,7.9,3347132,-8.0,1020.2,47.4,9.4,19.4,66.9,2020-12-03 06:07:49,477.0
3727.0,7.9,3335298,-8.0,1020.2,47.1,9.4,19.5,67.1,2020-12-03 06:17:50,506.0
3727.0,7.8,3347132,-8.0,1020.2,47.2,9.4,19.4,66.9,2020-12-03 06:27:50,506.0
3678.0,7.8,3347132,-8.0,1020.3,47.0,9.4,19.5,67.1,2020-12-03 06:37:50,499.0
3502.0,7.8,3357058,-8.0,1020.4,47.2,9.4,19.5,67.1,2020-12-03 06:47:51,472.0
3727.0,7.8,3333333,-8.0,1020.5,46.9,9.4,19.6,67.3,2020-12-03 06:57:51,506.0
3727.0,7.7,3347132,-8.0,1020.7,47.1,9.3,19.5,67.1,2020-12-03 07:07:52,506.0
3589.0,7.7,3357058,-8.0,1020.8,47.2,9.3,19.4,66.9,2020-12-03 07:17:52,485.0
3727.0,7.6,3325499,-8.0,1020.9,47.1,9.3,19.6,67.3,2020-12-03 07:27:52,506.0
3589.0,7.6,3335298,-8.0,1021.1,47.3,9.3,19.5,67.1,2020-12-03 07:37:52,485.0
3284.0,7.6,3309942,-8.0,1021.3,46.9,9.3,19.8,67.6,2020-12-03 07:47:53,439.0
3872.0,7.6,3327454,-8.0,1021.4,47.2,9.3,19.6,67.3,2020-12-03 07:57:53,528.0
4431.0,7.7,3284968,-8.0,1021.5,46.7,9.4,20.0,68.0,2020-12-03 08:07:53,614.0
5065.0,7.7,3269786,-8.0,1021.6,46.7,9.3,20.3,68.5,2020-12-03 08:17:54,710.0
4487.0,7.6,3249139,-8.0,1021.6,47.0,9.3,20.5,68.9,2020-12-03 08:27:54,622.0
5691.0,7.7,3260369,-8.0,1021.7,47.0,9.3,20.6,69.1,2020-12-03 08:37:54,806.0
5287.0,7.6,3298368,-8.0,1021.9,47.6,9.4,20.4,68.7,2020-12-03 08:47:55,744.0
5137.0,7.6,3323547,-8.0,1022.1,47.6,9.3,20.3,68.5,2020-12-03 08:57:55,721.0
5287.0,7.5,3343178,-8.0,1022.4,47.9,9.3,20.2,68.4,2020-12-03 09:07:56,744.0
5368.0,7.5,3355068,-8.0,1022.5,47.9,9.3,20.1,68.2,2020-12-03 09:17:56,756.0
5137.0,7.5,3373063,-8.0,1022.7,48.3,9.2,20.1,68.2,2020-12-03 09:27:56,721.0
4855.0,7.4,3397359,-8.0,1022.7,48.8,9.2,20.1,68.2,2020-12-03 09:37:57,678.0
4784.0,7.4,3415812,-8.0,1022.8,48.4,9.2,20.1,68.2,2020-12-03 09:47:57,552.0
4372.0,7.4,3440729,-8.0,1023.0,48.1,9.2,20.1,68.2,2020-12-03 09:57:57,605.0
3589.0,7.4,3457544,-8.0,1023.1,48.5,9.2,20.0,68.0,2020-12-03 10:07:57,485.0
3589.0,7.4,3461774,-8.0,1023.3,48.8,9.3,20.0,68.0,2020-12-03 10:17:58,485.0
3589.0,7.4,3476658,-8.0,1023.4,48.8,9.2,20.0,68.0,2020-12-03 10:27:58,485.0
4026.0,7.4,3491672,-8.0,1023.4,48.6,9.3,19.9,67.8,2020-12-03 10:37:58,552.0
3369.0,7.4,3513346,-8.0,1023.3,49.0,9.2,20.0,68.0,2020-12-03 10:47:58,452.0
4079.0,7.4,3528678,-8.0,1023.3,48.9,9.2,19.9,67.8,2020-12-03 10:57:59,560.0
3369.0,7.4,3550816,-8.0,1023.1,49.2,9.2,19.9,67.8,2020-12-03 11:07:59,452.0
3678.0,7.4,3561989,-8.0,1023.2,49.3,9.2,19.8,67.6,2020-12-03 11:17:59,499.0
3408.0,7.4,3580013,-8.0,1023.3,49.6,9.2,19.8,67.6,2020-12-03 11:27:59,458.0
3635.0,7.4,3598220,-8.0,1023.2,49.6,9.2,19.7,67.5,2020-12-03 11:38:00,492.0
3369.0,7.4,3605096,-8.0,1023.1,49.9,9.2,19.7,67.5,2020-12-03 11:48:00,452.0
3589.0,7.4,3618926,-8.0,1023.0,49.9,9.2,19.7,67.5,2020-12-03 11:58:00,485.0
3821.0,7.4,3623560,-8.0,1023.0,50.3,9.1,19.6,67.3,2020-12-03 12:08:01,521.0
3284.0,7.3,3646907,-8.0,1022.9,50.2,9.0,19.6,67.3,2020-12-03 12:18:01,439.0
4190.0,7.4,3635196,-8.0,1023.1,50.5,9.2,19.8,67.6,2020-12-03 12:28:01,577.0
3968.0,7.4,3635196,-8.0,1023.1,50.4,9.2,19.8,67.6,2020-12-03 12:38:01,543.0
4026.0,7.4,3630532,-8.0,1023.0,50.6,9.2,19.8,67.6,2020-12-03 12:48:02,552.0
3968.0,7.4,3632863,-8.0,1023.1,50.7,9.2,19.8,67.6,2020-12-03 12:58:02,543.0
4079.0,7.4,3637532,-8.0,1023.1,50.6,9.2,19.9,67.8,2020-12-03 13:08:02,560.0
4026.0,7.4,3646907,-8.0,1023.1,50.6,9.2,19.9,67.8,2020-12-03 13:18:02,552.0
3930.0,7.4,3653970,-8.0,1023.0,50.6,9.2,19.8,67.6,2020-12-03 13:28:03,537.0
3930.0,7.4,3649259,-8.0,1023.0,50.7,9.2,19.9,67.8,2020-12-03 13:38:03,537.0
3872.0,7.4,3672940,-8.0,1022.9,50.4,9.2,19.9,67.8,2020-12-03 13:48:03,528.0
3176.0,7.4,3696930,-8.0,1023.0,50.5,9.2,19.9,67.8,2020-12-03 13:58:04,422.0
3762.0,7.4,3684896,-8.0,1022.9,50.6,9.2,19.9,67.8,2020-12-03 14:08:04,512.0
3535.0,7.4,3704188,-8.0,1023.1,50.8,9.2,19.8,67.6,2020-12-03 14:18:04,477.0
3678.0,7.4,3694517,-8.0,1023.4,50.9,9.2,19.9,67.8,2020-12-03 14:28:04,499.0
3635.0,7.4,3696930,-8.0,1023.6,51.2,9.2,19.8,67.6,2020-12-03 14:38:05,492.0
3459.0,7.4,3711475,-8.0,1023.6,51.3,9.2,19.7,67.5,2020-12-03 14:48:05,466.0
3635.0,7.4,3721236,-8.0,1023.8,51.4,9.2,19.8,67.6,2020-12-03 14:58:05,492.0
3678.0,7.4,3713911,-8.0,1023.7,51.5,9.2,19.7,67.5,2020-12-03 15:08:05,499.0
3821.0,7.4,3706614,-8.0,1024.1,51.6,9.2,19.8,67.6,2020-12-03 15:18:06,521.0
3727.0,7.4,3706614,-8.0,1024.2,51.4,9.2,19.7,67.5,2020-12-03 15:28:06,506.0
3330.0,7.2,3692107,-8.0,1024.3,51.8,9.0,19.9,67.8,2020-12-03 15:38:06,446.0
3535.0,7.2,3684896,-8.0,1024.2,51.4,9.1,19.9,67.8,2020-12-03 15:48:07,477.0
4190.0,7.3,3672940,-8.0,1024.1,51.6,9.1,19.9,67.8,2020-12-03 15:58:07,577.0
4026.0,7.3,3632863,-8.0,1024.2,51.5,9.2,20.1,68.2,2020-12-03 16:08:07,552.0
4026.0,7.3,3607393,-8.0,1024.4,51.0,9.2,20.4,68.7,2020-12-03 16:18:07,552.0
4079.0,7.3,3591371,-8.0,1024.3,50.8,9.2,20.5,68.9,2020-12-03 16:28:08,560.0
4315.0,7.3,3553045,-8.0,1024.3,50.6,9.2,20.6,69.1,2020-12-03 16:38:08,596.0
4666.0,7.3,3515528,-8.0,1024.4,50.4,9.2,20.8,69.4,2020-12-03 16:48:08,649.0
4487.0,7.3,3522091,-8.0,1024.4,50.4,9.1,20.8,69.4,2020-12-03 16:58:09,622.0
4431.0,7.2,3495985,-8.0,1024.4,50.4,9.1,20.7,69.3,2020-12-03 17:08:09,614.0
4556.0,7.2,3487369,-8.0,1024.4,50.3,9.2,20.8,69.4,2020-12-03 17:18:09,528.0
3872.0,7.1,3470264,-8.0,1024.6,50.1,9.1,20.9,69.6,2020-12-03 17:28:09,528.0
3727.0,7.0,3466013,-8.0,1024.9,50.3,9.1,20.8,69.4,2020-12-03 17:38:10,506.0
4609.0,7.1,3451220,-8.0,1025.3,50.4,9.2,20.8,69.4,2020-12-03 17:48:10,641.0
3968.0,7.1,3434466,-8.0,1025.2,50.3,9.2,20.9,69.6,2020-12-03 17:58:10,543.0
3968.0,7.2,3434466,-8.0,1025.4,50.2,9.3,20.9,69.6,2020-12-03 18:08:10,543.0
4372.0,7.2,3415812,-8.0,1025.4,50.4,9.3,20.9,69.6,2020-12-03 18:18:11,605.0
4372.0,7.2,3395321,-8.0,1025.5,50.4,9.3,20.9,69.6,2020-12-03 18:28:11,605.0
4246.0,7.2,3375075,-8.0,1025.7,50.5,9.3,21.0,69.8,2020-12-03 18:38:12,585.0
4079.0,7.1,3365042,-8.0,1025.9,50.4,9.3,21.1,70.0,2020-12-03 18:48:12,560.0
7992.0,6.8,3357058,-8.0,1025.9,50.8,3.3,21.0,69.8,2020-12-03 18:58:12,1156.0
7992.0,6.9,3493827,-8.0,1025.9,51.6,1.7,21.0,69.8,2020-12-03 19:08:13,1156.0
7992.0,6.8,3537500,-8.0,1026.0,51.3,0.4,21.0,69.8,2020-12-03 19:18:13,1156.0
7992.0,6.9,3605096,-8.0,1026.0,52.1,-0.5,21.1,70.0,2020-12-03 19:28:13,1156.0
7992.0,6.8,3735974,-8.0,1026.1,54.1,-0.9,21.1,70.0,2020-12-03 19:38:14,1156.0
,9.7,4363917,-8.0,1026.4,55.7,18.8,21.2,70.2,2020-12-03 19:17:18,
1086.0,8.6,4271698,-8.0,1026.6,54.4,15.5,21.1,70.0,2020-12-03 19:50:57,104.0
1053.0,8.4,4370656,-8.0,1026.8,54.9,15.2,20.9,69.6,2020-12-03 20:00:57,99.0
1220.0,25.8,4370656,-8.0,1026.9,55.4,15.7,21.2,70.2,2020-12-03 20:10:58,124.0
1174.0,30.6,4428795,-8.0,1027.0,55.5,42.8,20.8,69.4,2020-12-03 20:20:58,90.0
,32.0,4513557,-8.0,1027.1,55.0,42.8,21.0,69.8,2020-12-03 20:17:21,
456.0,32.3,4411535,-8.0,1027.2,55.2,42.4,20.8,69.4,2020-12-03 20:37:05,8.0
485.0,31.9,4353846,-8.0,1027.2,54.8,41.7,20.8,69.4,2020-12-03 20:47:06,12.0
488.0,31.6,4310739,-8.0,1027.2,54.9,40.9,20.9,69.6,2020-12-03 20:57:06,13.0
518.0,30.3,4300912,-8.0,1027.4,54.5,39.9,20.9,69.6,2020-12-03 21:07:06,17.0
472.0,30.6,4307458,-8.0,1027.5,54.7,40.2,20.7,69.3,2020-12-03 21:17:07,10.0
493.0,30.6,4294385,-8.0,1027.3,54.8,40.0,20.5,68.9,2020-12-03 21:27:07,14.0
586.0,30.2,4268477,-8.0,1027.2,54.8,39.4,20.4,68.7,2020-12-03 21:37:08,28.0
526.0,29.9,4223881,-8.0,1027.2,54.9,39.0,20.3,68.5,2020-12-03 21:47:08,19.0
518.0,29.8,4211310,-8.0,1027.3,54.7,39.0,20.2,68.4,2020-12-03 21:57:08,5.0
577.0,30.1,4211310,-8.0,1027.3,54.7,39.2,20.1,68.2,2020-12-03 22:07:09,26.0
524.0,30.3,4211310,-8.0,1027.5,54.8,39.4,20.0,68.0,2020-12-03 22:17:09,18.0
534.0,30.3,4177122,-8.0,1027.5,54.8,39.6,20.0,68.0,2020-12-03 22:27:10,20.0
524.0,30.3,4170965,-8.0,1027.6,54.8,39.6,20.0,68.0,2020-12-03 22:37:10,18.0
570.0,30.2,4149560,-8.0,1027.7,54.8,39.4,19.9,67.8,2020-12-03 22:47:11,25.0
574.0,30.2,4110385,-8.0,1027.7,54.7,39.4,19.9,67.8,2020-12-03 22:57:11,26.0
570.0,29.6,4092552,-8.0,1027.8,54.4,39.0,19.9,67.8,2020-12-03 23:07:11,25.0
486.0,29.6,4074874,-8.0,1027.9,54.2,39.0,19.9,67.8,2020-12-03 23:17:12,13.0
596.0,29.7,4063173,-8.0,1028.0,53.9,39.2,20.0,68.0,2020-12-03 23:27:12,29.0
492.0,29.6,4054441,-8.0,1028.1,53.8,39.3,19.9,67.8,2020-12-03 23:37:12,14.0
492.0,29.6,4022743,-8.0,1028.0,53.8,39.3,19.9,67.8,2020-12-03 23:47:13,14.0
464.0,29.5,3997175,-8.0,1028.0,53.8,39.4,19.8,67.6,2020-12-03 23:57:13,9.0
575.0,29.7,3991537,-8.0,1028.0,53.8,39.4,19.8,67.6,2020-12-04 00:07:13,26.0
569.0,29.6,3980309,-8.0,1028.1,53.9,39.4,19.8,67.6,2020-12-04 00:17:14,25.0
566.0,29.6,3969144,-8.0,1028.2,53.9,39.3,19.8,67.6,2020-12-04 00:27:14,25.0
553.0,29.5,3963585,-8.0,1028.4,53.8,39.4,19.7,67.5,2020-12-04 00:37:15,23.0
530.0,29.5,3944251,-8.0,1028.5,53.9,39.4,19.6,67.3,2020-12-04 00:47:15,19.0
530.0,29.6,3936022,-8.0,1028.3,54.0,39.6,19.6,67.3,2020-12-04 00:57:16,19.0
551.0,29.1,3895389,-8.0,1028.3,54.0,39.2,19.6,67.3,2020-12-04 01:07:16,23.0
542.0,29.0,3892710,-8.0,1028.4,53.9,39.2,19.6,67.3,2020-12-04 01:17:16,21.0
555.0,28.9,3898072,-8.0,1028.3,53.9,39.2,19.6,67.3,2020-12-04 01:27:17,23.0
569.0,28.9,3863481,-8.0,1028.4,53.9,39.2,19.5,67.1,2020-12-04 01:37:17,25.0
555.0,28.8,3837288,-8.0,1028.4,54.0,39.3,19.5,67.1,2020-12-04 01:47:17,23.0
542.0,28.8,3842498,-8.0,1028.5,53.9,39.3,19.6,67.3,2020-12-04 01:57:18,21.0
561.0,28.8,3821742,-8.0,1028.5,53.9,39.6,19.5,67.1,2020-12-04 02:07:18,24.0
542.0,28.8,3806321,-8.0,1028.7,54.0,39.6,19.4,66.9,2020-12-04 02:18:19,21.0
400.0,28.8,3785953,-8.0,1028.7,54.0,39.8,19.4,66.9,2020-12-04 02:28:19,0.0
543.0,28.7,3775851,-8.0,1028.6,54.0,39.8,19.4,66.9,2020-12-04 02:38:20,21.0
540.0,28.7,3758300,-8.0,1028.5,54.0,39.9,19.4,66.9,2020-12-04 02:48:20,21.0
531.0,28.5,3743386,-8.0,1028.4,53.9,39.7,19.4,66.9,2020-12-04 02:58:21,19.0
526.0,28.1,3728590,-8.0,1028.4,53.9,39.4,19.3,66.7,2020-12-04 03:08:21,19.0
545.0,28.1,3711475,-8.0,1028.3,53.9,39.6,19.3,66.7,2020-12-04 03:18:22,22.0
545.0,28.2,3684896,-8.0,1028.3,53.8,39.6,19.3,66.7,2020-12-04 03:28:22,22.0
553.0,28.1,3677713,-8.0,1028.3,53.7,39.7,19.3,66.7,2020-12-04 03:38:22,23.0
553.0,28.1,3649259,-8.0,1028.3,53.7,39.8,19.3,66.7,2020-12-04 03:48:23,23.0
545.0,28.1,3637532,-8.0,1028.2,53.6,39.8,19.3,66.7,2020-12-04 03:58:23,22.0
569.0,28.3,3635196,-8.0,1028.0,53.5,40.1,19.2,66.6,2020-12-04 04:08:23,25.0
578.0,28.2,3639871,-8.0,1028.1,53.5,40.1,19.2,66.6,2020-12-04 04:18:24,27.0
560.0,28.2,3621241,-8.0,1028.0,53.4,40.1,19.2,66.6,2020-12-04 04:28:24,24.0
473.0,28.2,3609694,-8.0,1028.0,53.3,40.0,19.1,66.4,2020-12-04 04:38:25,11.0
584.0,28.2,3602801,-8.0,1028.1,53.3,40.1,19.1,66.4,2020-12-04 04:48:25,28.0
577.0,28.0,3586819,-8.0,1028.0,53.1,40.0,19.1,66.4,2020-12-04 04:58:26,26.0
556.0,27.6,3591371,-8.0,1028.1,53.1,39.5,19.0,66.2,2020-12-04 05:08:26,23.0
461.0,27.5,3580013,-8.0,1028.3,52.9,39.5,19.0,66.2,2020-12-04 05:18:26,9.0
565.0,26.4,3559748,-8.0,1028.5,52.9,39.4,19.0,66.2,2020-12-04 05:28:27,25.0
493.0,26.4,3561989,-8.0,1028.6,52.7,39.6,19.0,66.2,2020-12-04 05:38:27,14.0
596.0,26.3,3548589,-8.0,1028.9,52.7,39.2,19.0,66.2,2020-12-04 05:48:27,29.0
575.0,26.0,3548589,-8.0,1029.2,52.5,39.2,19.0,66.2,2020-12-04 05:58:28,26.0
589.0,26.4,3546366,-8.0,1029.1,52.5,39.7,19.0,66.2,2020-12-04 06:08:28,28.0
602.0,26.4,3530880,-8.0,1029.2,52.6,39.7,19.0,66.2,2020-12-04 06:18:28,30.0
602.0,26.4,3524284,-8.0,1029.4,52.4,39.6,19.0,66.2,2020-12-04 06:28:29,30.0
617.0,26.4,3526480,-8.0,1029.4,52.5,39.6,18.9,66.0,2020-12-04 06:38:29,33.0
617.0,26.2,3502475,-8.0,1029.7,52.6,39.6,18.9,66.0,2020-12-04 06:48:30,33.0
549.0,26.2,3500309,-8.0,1029.4,52.6,39.5,18.8,65.8,2020-12-04 06:58:30,22.0
660.0,25.5,3508989,-8.0,1029.8,52.5,38.8,18.9,66.0,2020-12-04 07:08:31,39.0
791.0,24.9,3502475,-8.0,1029.6,52.4,38.8,18.9,66.0,2020-12-04 07:18:31,59.0
949.0,24.8,3470264,-8.0,1029.6,51.8,38.8,19.0,66.2,2020-12-04 07:28:31,83.0
1159.0,24.8,3459658,-8.0,1029.8,51.6,38.8,19.1,66.4,2020-12-04 07:38:32,115.0
1639.0,24.7,3361045,-8.0,1029.6,50.4,38.8,19.9,67.8,2020-12-04 07:48:32,188.0
2041.0,24.7,3275463,-8.0,1029.6,49.5,39.0,20.7,69.3,2020-12-04 07:58:32,249.0
2255.0,25.0,3271676,-8.0,1029.6,49.5,39.8,20.9,69.6,2020-12-04 08:08:33,282.0
2017.0,25.0,3292612,-8.0,1029.5,50.3,39.8,20.6,69.1,2020-12-04 08:18:33,246.0
2839.0,25.0,3315759,-8.0,1029.5,50.6,39.6,20.5,68.9,2020-12-04 08:28:34,371.0
2666.0,25.0,3331371,-8.0,1029.5,50.4,39.7,20.3,68.5,2020-12-04 08:38:34,345.0
2666.0,25.0,3333333,-8.0,1029.6,51.0,39.7,20.3,68.5,2020-12-04 08:48:34,345.0
2414.0,25.0,3377088,-8.0,1029.5,51.1,39.8,20.2,68.4,2020-12-04 08:58:35,306.0
2414.0,24.7,3359050,-8.0,1029.5,51.2,39.3,20.2,68.4,2020-12-04 09:08:35,306.0
2445.0,24.7,3375075,-8.0,1029.3,51.0,39.2,20.1,68.2,2020-12-04 09:18:36,311.0
1860.0,24.8,3381123,-8.0,1029.3,50.8,39.3,20.1,68.2,2020-12-04 09:28:36,222.0
2017.0,24.8,3375075,-8.0,1029.3,51.1,39.5,20.1,68.2,2020-12-04 09:38:36,246.0
1805.0,24.8,3365042,-8.0,1029.2,51.1,39.3,20.1,68.2,2020-12-04 09:48:37,214.0
1478.0,24.8,3353081,-8.0,1029.0,50.9,39.4,20.1,68.2,2020-12-04 09:58:37,164.0
1565.0,24.8,3349112,-8.0,1028.9,51.0,39.2,20.1,68.2,2020-12-04 10:08:37,177.0
1281.0,24.8,3359050,-8.0,1028.9,51.1,39.2,20.1,68.2,2020-12-04 10:18:38,134.0
949.0,24.7,3343178,-8.0,1028.9,51.0,38.9,20.1,68.2,2020-12-04 10:28:38,83.0
1081.0,24.8,3337264,-8.0,1028.9,51.1,39.0,20.1,68.2,2020-12-04 10:38:39,103.0
959.0,24.8,3347132,-8.0,1028.7,51.2,39.1,20.1,68.2,2020-12-04 10:48:39,85.0
726.0,24.8,3343178,-8.0,1028.6,51.0,39.2,20.1,68.2,2020-12-04 10:58:39,49.0
726.0,24.9,3319648,-8.0,1028.4,50.7,39.0,20.1,68.2,2020-12-04 11:08:40,49.0
706.0,24.9,3333333,-8.0,1028.2,51.0,39.1,20.0,68.0,2020-12-04 11:18:40,46.0
699.0,24.8,3335298,-8.0,1028.1,50.7,39.1,20.1,68.2,2020-12-04 11:28:40,45.0
646.0,24.8,3343178,-8.0,1028.1,51.3,38.9,20.0,68.0,2020-12-04 11:38:41,37.0
646.0,25.3,3304145,-8.0,1027.9,50.7,39.0,20.1,68.2,2020-12-04 11:48:41,37.0
626.0,24.8,3333333,-8.0,1027.8,51.2,38.8,20.0,68.0,2020-12-04 11:58:41,19.0
633.0,24.8,3327454,-8.0,1027.6,50.9,38.8,20.1,68.2,2020-12-04 12:08:42,35.0
589.0,24.8,3317702,-8.0,1027.3,51.5,38.8,20.1,68.2,2020-12-04 12:18:42,28.0
564.0,24.8,3321596,-8.0,1027.2,51.4,38.8,20.1,68.2,2020-12-04 12:28:43,24.0
564.0,24.8,3311878,-8.0,1027.2,51.5,38.7,20.1,68.2,2020-12-04 12:38:43,24.0
581.0,24.7,3315759,-8.0,1026.9,51.7,38.5,20.1,68.2,2020-12-04 12:48:43,27.0
581.0,24.7,3281159,-8.0,1026.7,51.5,38.6,20.1,68.2,2020-12-04 12:58:44,27.0
589.0,24.7,3286876,-8.0,1026.5,51.8,38.5,20.1,68.2,2020-12-04 13:08:44,28.0
500.0,24.6,3283063,-8.0,1026.3,51.4,38.6,20.1,68.2,2020-12-04 13:18:44,15.0
596.0,24.7,3284968,-8.0,1026.2,51.8,38.6,20.1,68.2,2020-12-04 13:28:45,29.0
575.0,24.6,3288786,-8.0,1026.1,51.9,38.5,20.1,68.2,2020-12-04 13:38:45,26.0
505.0,24.6,3273569,-8.0,1025.9,51.4,38.5,20.1,68.2,2020-12-04 13:48:45,15.0
