co2_room,gas_room,offset_from_utc,pressure_room,rh_room,temp_c_room,time,total_voc_room
442.0,352770,-8.0,1018.9,67.2,24.2,2020-09-30 20:51:39,6.0
,181907,-8.0,1019.2,68.9,23.2,2020-09-30 20:52:57,
,360822,-8.0,1019.1,69.6,22.9,2020-09-30 21:00:56,
422.0,357484,-8.0,1019.1,70.7,22.7,2020-09-30 21:05:57,3.0
470.0,353487,-8.0,1019.1,71.2,22.6,2020-09-30 21:10:57,10.0
611.0,350283,-8.0,1019.1,71.2,22.5,2020-09-30 21:15:57,32.0
508.0,346790,-8.0,1019.2,71.4,22.5,2020-09-30 21:20:58,16.0
502.0,342689,-8.0,1019.3,71.6,22.4,2020-09-30 21:25:58,15.0
493.0,340009,-8.0,1019.4,71.7,22.4,2020-09-30 21:30:58,14.0
493.0,336717,-8.0,1019.4,71.7,22.4,2020-09-30 21:35:59,14.0
480.0,332531,-8.0,1019.4,71.7,22.4,2020-09-30 21:40:59,12.0
466.0,330321,-8.0,1019.5,71.7,22.4,2020-09-30 21:45:59,10.0
464.0,326598,-8.0,1019.4,71.7,22.4,2020-09-30 21:51:00,9.0
460.0,322959,-8.0,1019.5,71.7,22.4,2020-09-30 21:56:00,9.0
451.0,319106,-8.0,1019.5,71.7,22.3,2020-09-30 22:01:00,7.0
445.0,317070,-8.0,1019.5,71.8,22.3,2020-09-30 22:06:01,6.0
441.0,313639,-8.0,1019.5,71.8,22.3,2020-09-30 22:11:01,6.0
434.0,309728,-8.0,1019.5,71.7,22.4,2020-09-30 22:16:01,5.0
434.0,306994,-8.0,1019.5,71.7,22.4,2020-09-30 22:21:02,5.0
433.0,303246,-8.0,1019.5,71.6,22.4,2020-09-30 22:26:02,5.0
428.0,301146,-8.0,1019.5,71.6,22.3,2020-09-30 22:31:02,4.0
413.0,299331,-8.0,1019.5,71.6,22.3,2020-09-30 22:36:02,1.0
428.0,295516,-8.0,1019.5,71.6,22.3,2020-09-30 22:41:03,4.0
415.0,294266,-8.0,1019.5,71.6,22.3,2020-09-30 22:46:03,2.0
423.0,290335,-8.0,1019.5,71.6,22.3,2020-09-30 22:51:03,3.0
409.0,288409,-8.0,1019.5,71.5,22.3,2020-09-30 22:56:03,1.0
418.0,285567,-8.0,1019.5,71.4,22.4,2020-09-30 23:01:04,2.0
410.0,283011,-8.0,1019.5,71.4,22.4,2020-09-30 23:06:04,1.0
406.0,281180,-8.0,1019.5,71.4,22.4,2020-09-30 23:11:04,0.0
421.0,278033,-8.0,1019.5,71.4,22.4,2020-09-30 23:16:05,3.0
421.0,276266,-8.0,1019.6,71.4,22.4,2020-09-30 23:21:05,3.0
417.0,273658,-8.0,1019.6,71.4,22.4,2020-09-30 23:26:05,2.0
415.0,271521,-8.0,1019.7,71.4,22.4,2020-09-30 23:31:05,2.0
38912.0,269836,-8.0,1019.7,71.4,22.4,2020-09-30 23:36:06,3.0
421.0,266323,-8.0,1019.6,71.5,22.4,2020-09-30 23:41:06,3.0
421.0,265307,-8.0,1019.7,71.4,22.4,2020-09-30 23:46:06,3.0
405.0,262306,-8.0,1019.7,71.4,22.4,2020-09-30 23:51:06,0.0
415.0,261124,-8.0,1019.8,71.4,22.4,2020-09-30 23:56:07,2.0
415.0,258985,-8.0,1019.8,71.4,22.3,2020-10-01 00:01:07,2.0
420.0,257071,-8.0,1019.9,71.3,22.3,2020-10-01 00:06:07,3.0
418.0,255372,-8.0,1019.8,71.4,22.3,2020-10-01 00:11:07,2.0
413.0,253141,-8.0,1019.8,71.4,22.3,2020-10-01 00:16:08,1.0
410.0,251676,-8.0,1019.7,71.4,22.3,2020-10-01 00:21:08,1.0
411.0,249330,-8.0,1019.7,71.4,22.3,2020-10-01 00:26:08,1.0
418.0,247555,-8.0,1019.7,71.3,22.3,2020-10-01 00:31:09,2.0
406.0,246154,-8.0,1019.6,71.2,22.3,2020-10-01 00:36:09,0.0
425.0,244252,-8.0,1019.6,71.2,22.3,2020-10-01 00:41:09,3.0
421.0,243227,-8.0,1019.6,71.2,22.3,2020-10-01 00:46:09,3.0
425.0,240869,-8.0,1019.6,71.2,22.3,2020-10-01 00:51:10,3.0
419.0,239706,-8.0,1019.7,71.1,22.3,2020-10-01 00:56:10,2.0
414.0,238392,-8.0,1019.6,71.1,22.3,2020-10-01 01:01:10,2.0
418.0,235966,-8.0,1019.6,71.1,22.3,2020-10-01 01:06:10,2.0
400.0,234850,-8.0,1019.5,71.1,22.3,2020-10-01 01:11:11,0.0
425.0,232962,-8.0,1019.6,71.0,22.3,2020-10-01 01:16:11,3.0
423.0,232340,-8.0,1019.5,71.0,22.3,2020-10-01 01:21:11,3.0
420.0,210539,-8.0,1038.1,72.9,33.4,2020-10-01 01:26:11,3.0
38912.0,244595,-8.0,1019.5,70.6,22.3,2020-10-01 01:31:12,2.0
416.0,231105,-8.0,1019.6,70.9,22.3,2020-10-01 01:36:12,2.0
411.0,229731,-8.0,1019.6,70.9,22.3,2020-10-01 01:41:12,1.0
420.0,227626,-8.0,1019.7,70.9,22.2,2020-10-01 01:46:13,3.0
423.0,226146,-8.0,1019.7,70.9,22.3,2020-10-01 01:51:13,3.0
421.0,224975,-8.0,1019.7,70.9,22.3,2020-10-01 01:56:13,3.0
421.0,223099,-8.0,1019.7,70.8,22.3,2020-10-01 02:01:13,3.0
411.0,222528,-8.0,1019.7,70.8,22.3,2020-10-01 02:06:14,1.0
425.0,220413,-8.0,1019.7,70.8,22.3,2020-10-01 02:11:14,3.0
426.0,219716,-8.0,1019.6,70.8,22.2,2020-10-01 02:16:14,3.0
425.0,218337,-8.0,1019.5,70.7,22.2,2020-10-01 02:21:14,3.0
425.0,217518,-8.0,1019.5,70.8,22.2,2020-10-01 02:26:15,3.0
425.0,216569,-8.0,1019.4,70.7,22.2,2020-10-01 02:31:15,3.0
420.0,214963,-8.0,1019.4,70.7,22.2,2020-10-01 02:36:15,3.0
420.0,213905,-8.0,1019.3,70.6,22.2,2020-10-01 02:41:15,3.0
420.0,212209,-8.0,1019.3,70.6,22.2,2020-10-01 02:46:16,3.0
432.0,211563,-8.0,1019.2,70.6,22.2,2020-10-01 02:51:16,4.0
433.0,210539,-8.0,1019.3,70.7,22.2,2020-10-01 02:56:16,5.0
432.0,209272,-8.0,1019.2,70.6,22.2,2020-10-01 03:01:16,4.0
410.0,208644,-8.0,1019.3,70.6,22.2,2020-10-01 03:06:17,1.0
433.0,207153,-8.0,1019.3,70.5,22.2,2020-10-01 03:11:17,5.0
435.0,206660,-8.0,1019.3,70.5,22.2,2020-10-01 03:16:17,5.0
438.0,204834,-8.0,1019.3,70.5,22.2,2020-10-01 03:21:17,5.0
441.0,204113,-8.0,1019.2,70.4,22.2,2020-10-01 03:26:18,6.0
441.0,202686,-8.0,1019.2,70.4,22.2,2020-10-01 03:31:18,6.0
441.0,201979,-8.0,1019.3,70.3,22.2,2020-10-01 03:36:18,6.0
418.0,201628,-8.0,1019.3,70.3,22.2,2020-10-01 03:41:18,2.0
438.0,199890,-8.0,1019.3,70.2,22.3,2020-10-01 03:46:19,5.0
424.0,198975,-8.0,1019.4,70.2,22.2,2020-10-01 03:51:19,3.0
439.0,197730,-8.0,1019.4,70.2,22.3,2020-10-01 03:56:19,5.0
438.0,197170,-8.0,1019.4,70.1,22.2,2020-10-01 04:01:19,5.0
438.0,197394,-8.0,1019.3,70.1,22.3,2020-10-01 04:06:20,5.0
438.0,195397,-8.0,1019.4,70.0,22.3,2020-10-01 04:11:20,5.0
420.0,195178,-8.0,1019.4,70.0,22.2,2020-10-01 04:16:20,3.0
435.0,193441,-8.0,1019.4,70.0,22.2,2020-10-01 04:21:20,5.0
435.0,193226,-8.0,1019.5,69.9,22.2,2020-10-01 04:26:21,5.0
435.0,192052,-8.0,1019.6,70.0,22.2,2020-10-01 04:31:21,5.0
435.0,191629,-8.0,1019.5,69.9,22.2,2020-10-01 04:36:21,5.0
435.0,191103,-8.0,1019.5,69.9,22.1,2020-10-01 04:41:22,5.0
433.0,189747,-8.0,1019.5,69.9,22.2,2020-10-01 04:46:22,5.0
433.0,189644,-8.0,1019.6,69.9,22.2,2020-10-01 04:51:22,5.0
435.0,188411,-8.0,1019.7,69.9,22.2,2020-10-01 04:56:22,5.0
433.0,188003,-8.0,1019.7,69.8,22.2,2020-10-01 05:01:23,5.0
433.0,46189,-8.0,1019.6,69.7,22.2,2020-10-01 05:06:23,5.0
433.0,46189,-8.0,1019.6,69.7,22.1,2020-10-01 05:11:23,5.0
433.0,46189,-8.0,1019.5,69.6,22.1,2020-10-01 05:16:23,5.0
432.0,46189,-8.0,1019.5,69.6,22.1,2020-10-01 05:21:24,4.0
433.0,46189,-8.0,1019.6,69.7,22.1,2020-10-01 05:26:24,1.0
435.0,46189,-8.0,1019.6,69.7,22.1,2020-10-01 05:31:24,5.0
435.0,46189,-8.0,1019.7,69.7,22.1,2020-10-01 05:36:24,5.0
435.0,46189,-8.0,1019.7,69.6,22.1,2020-10-01 05:41:25,5.0
433.0,46189,-8.0,1019.7,69.5,22.1,2020-10-01 05:46:25,5.0
433.0,46189,-8.0,1019.8,69.5,22.1,2020-10-01 05:51:25,5.0
432.0,46189,-8.0,1019.7,69.4,22.1,2020-10-01 05:56:25,4.0
410.0,46189,-8.0,1019.7,69.4,22.1,2020-10-01 06:01:26,1.0
433.0,46189,-8.0,1019.7,69.3,22.1,2020-10-01 06:06:26,5.0
433.0,46189,-8.0,1019.7,69.4,22.1,2020-10-01 06:11:26,5.0
432.0,46189,-8.0,1019.8,69.3,22.1,2020-10-01 06:16:26,4.0
428.0,46189,-8.0,1019.9,69.2,22.1,2020-10-01 06:21:27,4.0
433.0,46189,-8.0,1019.9,69.3,22.1,2020-10-01 06:26:27,5.0
433.0,46189,-8.0,1019.9,69.3,22.1,2020-10-01 06:31:27,5.0
422.0,46189,-8.0,1019.9,69.3,22.1,2020-10-01 06:36:27,3.0
422.0,46189,-8.0,1019.8,69.3,22.1,2020-10-01 06:41:28,3.0
438.0,46189,-8.0,1019.8,69.2,22.1,2020-10-01 06:46:28,5.0
439.0,46189,-8.0,1019.8,69.3,22.1,2020-10-01 06:51:28,5.0
441.0,46189,-8.0,1019.8,69.3,22.1,2020-10-01 06:56:28,6.0
438.0,46189,-8.0,1019.8,69.3,22.0,2020-10-01 07:01:29,3.0
443.0,46189,-8.0,1019.9,69.4,22.0,2020-10-01 07:06:29,6.0
441.0,46189,-8.0,1019.9,69.3,22.1,2020-10-01 07:11:29,6.0
445.0,46189,-8.0,1019.9,69.4,22.1,2020-10-01 07:16:30,6.0
441.0,46189,-8.0,1019.9,69.3,22.1,2020-10-01 07:21:30,6.0
445.0,46189,-8.0,1019.9,69.3,22.1,2020-10-01 07:26:30,6.0
447.0,46189,-8.0,1020.0,69.3,22.1,2020-10-01 07:31:30,7.0
450.0,46189,-8.0,1020.0,69.3,22.1,2020-10-01 07:36:30,7.0
450.0,46189,-8.0,1020.0,69.3,22.1,2020-10-01 07:41:31,7.0
452.0,46189,-8.0,1020.0,69.3,22.1,2020-10-01 07:46:31,7.0
452.0,46189,-8.0,1020.0,69.3,22.1,2020-10-01 07:51:31,7.0
453.0,46189,-8.0,1020.1,69.4,22.1,2020-10-01 07:56:31,8.0
438.0,46189,-8.0,1020.1,69.3,22.1,2020-10-01 08:01:32,5.0
456.0,46189,-8.0,1020.2,69.4,22.1,2020-10-01 08:06:32,8.0
457.0,46189,-8.0,1020.2,69.4,22.1,2020-10-01 08:11:32,8.0
460.0,46189,-8.0,1020.2,69.4,22.1,2020-10-01 08:16:33,9.0
460.0,46189,-8.0,1020.1,69.3,22.1,2020-10-01 08:21:33,9.0
439.0,46189,-8.0,1020.1,69.4,22.1,2020-10-01 08:26:33,5.0
462.0,46189,-8.0,1020.1,69.4,22.1,2020-10-01 08:31:33,9.0
462.0,46189,-8.0,1020.1,69.5,22.1,2020-10-01 08:36:34,9.0
464.0,46189,-8.0,1020.1,69.5,22.1,2020-10-01 08:41:34,9.0
464.0,46189,-8.0,1020.1,69.4,22.1,2020-10-01 08:46:34,9.0
450.0,46189,-8.0,1020.1,69.3,22.2,2020-10-01 08:51:34,7.0
471.0,46189,-8.0,1020.2,69.2,22.2,2020-10-01 08:56:35,10.0
,46189,-8.0,1020.2,70.2,22.4,2020-10-01 08:54:53,
414.0,46189,-8.0,1020.2,69.0,22.3,2020-10-01 09:06:51,2.0
436.0,46189,-8.0,1020.2,69.5,22.1,2020-10-01 09:11:52,5.0
435.0,46189,-8.0,1020.2,70.1,21.9,2020-10-01 09:16:52,5.0
442.0,46189,-8.0,1020.2,70.4,21.8,2020-10-01 09:21:52,6.0
434.0,16389,-8.0,1257.7,100.0,-125.1,2020-10-01 09:26:52,5.0
428.0,46189,-8.0,1020.2,70.8,21.6,2020-10-01 09:31:53,4.0
424.0,46189,-8.0,1020.2,71.0,21.6,2020-10-01 09:36:53,3.0
421.0,46189,-8.0,1020.2,71.1,21.5,2020-10-01 09:41:53,3.0
416.0,46189,-8.0,1020.3,71.3,21.4,2020-10-01 09:46:53,2.0
409.0,46189,-8.0,1020.3,71.4,21.4,2020-10-01 09:51:54,1.0
433.0,46189,-8.0,1020.3,71.5,21.4,2020-10-01 09:56:54,5.0
423.0,46189,-8.0,1020.3,71.5,21.3,2020-10-01 10:01:54,3.0
423.0,46189,-8.0,1020.3,71.5,21.3,2020-10-01 10:06:54,3.0
433.0,46189,-8.0,1020.3,71.5,21.3,2020-10-01 10:11:55,5.0
446.0,46189,-8.0,1020.3,71.6,21.4,2020-10-01 10:16:55,7.0
446.0,46189,-8.0,1020.3,71.5,21.4,2020-10-01 10:21:55,7.0
443.0,46189,-8.0,1020.2,71.5,21.4,2020-10-01 10:26:55,6.0
443.0,46189,-8.0,1020.2,71.5,21.4,2020-10-01 10:31:55,6.0
443.0,46189,-8.0,1020.1,71.5,21.4,2020-10-01 10:36:55,6.0
448.0,46189,-8.0,1020.1,71.6,21.4,2020-10-01 10:41:56,7.0
452.0,46189,-8.0,1020.1,71.6,21.3,2020-10-01 10:46:56,7.0
443.0,46189,-8.0,1020.2,71.7,21.3,2020-10-01 10:51:56,6.0
443.0,46189,-8.0,1020.2,71.8,21.3,2020-10-01 10:56:56,6.0
454.0,46189,-8.0,1020.1,71.8,21.3,2020-10-01 11:01:56,8.0
444.0,46189,-8.0,1020.1,71.9,21.3,2020-10-01 11:06:57,6.0
454.0,46189,-8.0,1020.0,72.0,21.3,2020-10-01 11:11:57,8.0
444.0,46189,-8.0,1020.0,72.0,21.3,2020-10-01 11:16:57,6.0
424.0,46189,-8.0,1020.0,72.0,21.3,2020-10-01 11:21:57,3.0
444.0,46189,-8.0,1020.0,72.0,21.3,2020-10-01 11:26:58,6.0
444.0,46189,-8.0,1020.0,72.1,21.2,2020-10-01 11:31:58,6.0
420.0,46189,-8.0,1020.0,72.1,21.2,2020-10-01 11:36:58,3.0
447.0,46189,-8.0,1019.9,72.2,21.2,2020-10-01 11:41:58,7.0
454.0,46189,-8.0,1019.9,72.2,21.2,2020-10-01 11:46:58,8.0
457.0,46189,-8.0,1019.9,72.3,21.2,2020-10-01 11:51:59,8.0
454.0,46189,-8.0,1019.8,72.3,21.2,2020-10-01 11:56:59,8.0
447.0,46189,-8.0,1019.7,72.3,21.2,2020-10-01 12:01:59,7.0
424.0,46189,-8.0,1019.7,72.4,21.2,2020-10-01 12:06:59,3.0
447.0,46189,-8.0,1019.7,72.5,21.2,2020-10-01 12:11:59,7.0
444.0,46189,-8.0,1019.8,72.5,21.2,2020-10-01 12:17:00,6.0
447.0,46189,-8.0,1019.7,72.5,21.1,2020-10-01 12:22:00,7.0
447.0,46189,-8.0,1019.7,72.6,21.1,2020-10-01 12:27:00,7.0
444.0,46189,-8.0,1019.7,72.6,21.1,2020-10-01 12:32:00,6.0
444.0,46189,-8.0,1019.6,72.7,21.1,2020-10-01 12:37:01,6.0
444.0,46189,-8.0,1019.6,72.7,21.1,2020-10-01 12:42:01,6.0
444.0,46189,-8.0,1019.5,72.7,21.1,2020-10-01 12:47:01,6.0
444.0,46189,-8.0,1019.4,72.8,21.1,2020-10-01 12:52:01,6.0
439.0,46189,-8.0,1019.3,72.8,21.1,2020-10-01 12:57:01,5.0
439.0,46189,-8.0,1019.3,72.8,21.1,2020-10-01 13:02:02,5.0
439.0,46189,-8.0,1019.3,72.8,21.1,2020-10-01 13:07:02,5.0
435.0,46189,-8.0,1019.2,73.0,21.1,2020-10-01 13:12:02,5.0
435.0,46189,-8.0,1019.2,73.0,21.1,2020-10-01 13:17:02,5.0
452.0,46189,-8.0,1019.1,73.0,21.1,2020-10-01 13:22:02,7.0
451.0,46189,-8.0,1019.0,72.9,21.1,2020-10-01 13:27:03,7.0
451.0,46189,-8.0,1019.0,73.0,21.1,2020-10-01 13:32:03,7.0
445.0,46189,-8.0,1018.9,73.1,21.1,2020-10-01 13:37:03,6.0
451.0,46189,-8.0,1018.8,73.1,21.1,2020-10-01 13:42:03,7.0
445.0,46189,-8.0,1018.8,73.2,21.1,2020-10-01 13:47:03,6.0
451.0,46189,-8.0,1018.8,73.2,21.0,2020-10-01 13:52:04,7.0
436.0,46189,-8.0,1018.6,73.3,21.0,2020-10-01 13:57:04,5.0
451.0,46189,-8.0,1018.6,73.3,21.0,2020-10-01 14:02:04,7.0
445.0,46189,-8.0,1018.6,73.3,21.0,2020-10-01 14:07:04,6.0
460.0,46189,-8.0,1018.5,73.4,21.0,2020-10-01 14:12:05,9.0
483.0,46189,-8.0,1018.4,73.4,21.0,2020-10-01 14:17:05,12.0
493.0,46189,-8.0,1018.4,73.6,21.0,2020-10-01 14:22:05,14.0
588.0,46189,-8.0,1018.5,73.7,21.0,2020-10-01 14:27:05,28.0
588.0,46189,-8.0,1018.5,73.8,21.0,2020-10-01 14:32:05,28.0
551.0,46189,-8.0,1018.4,73.9,21.0,2020-10-01 14:37:06,23.0
545.0,46189,-8.0,1018.4,73.9,20.9,2020-10-01 14:42:06,22.0
555.0,46189,-8.0,1018.3,73.9,21.0,2020-10-01 14:47:06,23.0
545.0,46189,-8.0,1018.2,73.9,21.0,2020-10-01 14:52:06,22.0
551.0,46189,-8.0,1018.2,74.1,21.0,2020-10-01 14:57:06,23.0
551.0,46189,-8.0,1018.1,74.1,21.0,2020-10-01 15:02:07,23.0
551.0,46189,-8.0,1018.1,74.2,21.0,2020-10-01 15:07:07,23.0
551.0,46189,-8.0,1018.0,74.2,21.0,2020-10-01 15:12:07,23.0
555.0,46189,-8.0,1018.0,74.3,21.0,2020-10-01 15:17:07,16.0
570.0,46189,-8.0,1018.0,74.4,21.0,2020-10-01 15:22:08,25.0
570.0,46189,-8.0,1017.9,74.5,21.0,2020-10-01 15:27:08,25.0
539.0,46189,-8.0,1017.9,74.6,21.0,2020-10-01 15:32:08,21.0
575.0,46189,-8.0,1017.9,74.5,21.0,2020-10-01 15:37:08,26.0
588.0,46189,-8.0,1017.9,74.6,21.0,2020-10-01 15:42:08,28.0
581.0,46189,-8.0,1017.9,74.8,21.0,2020-10-01 15:47:09,27.0
581.0,46189,-8.0,1017.8,75.0,21.0,2020-10-01 15:52:09,27.0
588.0,46189,-8.0,1017.7,75.2,21.0,2020-10-01 15:57:09,28.0
575.0,46189,-8.0,1017.7,75.3,21.0,2020-10-01 16:02:09,26.0
575.0,46189,-8.0,1017.6,75.4,21.0,2020-10-01 16:07:10,26.0
545.0,46189,-8.0,1017.7,75.6,21.0,2020-10-01 16:12:10,22.0
564.0,46189,-8.0,1017.6,75.6,21.0,2020-10-01 16:17:10,24.0
564.0,46189,-8.0,1017.6,75.7,21.0,2020-10-01 16:22:10,24.0
545.0,46189,-8.0,1017.6,75.9,21.0,2020-10-01 16:27:10,22.0
527.0,46189,-8.0,1017.5,76.1,21.0,2020-10-01 16:32:11,19.0
508.0,46189,-8.0,1017.4,76.2,21.0,2020-10-01 16:37:11,16.0
515.0,46189,-8.0,1017.4,76.0,21.0,2020-10-01 16:42:11,17.0
508.0,46189,-8.0,1017.4,75.9,21.0,2020-10-01 16:47:11,16.0
524.0,46189,-8.0,1017.4,75.7,21.0,2020-10-01 16:52:11,18.0
524.0,46189,-8.0,1017.3,75.6,21.0,2020-10-01 16:57:12,18.0
539.0,46189,-8.0,1017.3,75.6,21.0,2020-10-01 17:02:12,21.0
545.0,46189,-8.0,1017.3,75.4,21.1,2020-10-01 17:07:12,22.0
545.0,46189,-8.0,1017.2,74.5,21.3,2020-10-01 17:12:12,22.0
551.0,46189,-8.0,1017.2,74.0,21.5,2020-10-01 17:17:12,23.0
533.0,46189,-8.0,1017.2,73.5,21.7,2020-10-01 17:22:13,20.0
533.0,46189,-8.0,1017.2,73.2,21.8,2020-10-01 17:27:13,20.0
527.0,46189,-8.0,1017.2,73.0,21.8,2020-10-01 17:32:13,19.0
515.0,46189,-8.0,1017.2,72.9,21.9,2020-10-01 17:37:13,17.0
483.0,46189,-8.0,1017.2,72.8,21.9,2020-10-01 17:42:13,12.0
498.0,46189,-8.0,1017.1,72.7,22.0,2020-10-01 17:47:14,14.0
498.0,46189,-8.0,1017.2,72.6,22.0,2020-10-01 17:52:14,14.0
488.0,46189,-8.0,1017.2,72.5,22.0,2020-10-01 17:57:14,13.0
498.0,46189,-8.0,1017.2,72.4,22.1,2020-10-01 18:02:14,14.0
498.0,46189,-8.0,1017.2,72.4,22.1,2020-10-01 18:07:15,14.0
498.0,46189,-8.0,1017.2,72.3,22.1,2020-10-01 18:12:15,14.0
533.0,46189,-8.0,1017.2,72.3,22.1,2020-10-01 18:17:15,20.0
515.0,46189,-8.0,1017.2,72.2,22.1,2020-10-01 18:22:15,17.0
524.0,46189,-8.0,1017.2,72.1,22.1,2020-10-01 18:27:15,18.0
508.0,46189,-8.0,1017.2,72.1,22.1,2020-10-01 18:32:16,16.0
508.0,46189,-8.0,1017.2,72.0,22.2,2020-10-01 18:37:16,16.0
502.0,46189,-8.0,1017.3,71.9,22.2,2020-10-01 18:42:16,15.0
463.0,46189,-8.0,1017.3,71.8,22.2,2020-10-01 18:47:16,9.0
488.0,46189,-8.0,1017.3,71.8,22.2,2020-10-01 18:52:16,13.0
481.0,46189,-8.0,1017.3,71.7,22.2,2020-10-01 18:57:17,12.0
481.0,46189,-8.0,1017.3,71.8,22.2,2020-10-01 19:02:17,12.0
463.0,46189,-8.0,1017.3,71.7,22.2,2020-10-01 19:07:17,9.0
463.0,46189,-8.0,1017.3,71.7,22.1,2020-10-01 19:12:17,9.0
455.0,46189,-8.0,1017.4,71.6,22.2,2020-10-01 19:17:17,8.0
451.0,46189,-8.0,1017.3,71.5,22.2,2020-10-01 19:22:18,7.0
434.0,46189,-8.0,1017.3,71.5,22.2,2020-10-01 19:27:18,5.0
442.0,46189,-8.0,1017.3,71.5,22.2,2020-10-01 19:32:18,6.0
425.0,46189,-8.0,1017.3,71.4,22.2,2020-10-01 19:37:18,3.0
425.0,46189,-8.0,1017.4,71.4,22.2,2020-10-01 19:42:18,3.0
423.0,46189,-8.0,1017.4,71.4,22.2,2020-10-01 19:47:19,3.0
423.0,46189,-8.0,1017.3,71.4,22.2,2020-10-01 19:52:19,3.0
443.0,46189,-8.0,1017.3,71.3,22.2,2020-10-01 19:57:19,6.0
447.0,46189,-8.0,1017.2,71.3,22.2,2020-10-01 20:02:19,7.0
426.0,46189,-8.0,1017.2,71.4,22.2,2020-10-01 20:07:20,3.0
444.0,46189,-8.0,1017.2,71.4,22.2,2020-10-01 20:12:20,6.0
423.0,46189,-8.0,1017.2,71.4,22.2,2020-10-01 20:17:20,3.0
445.0,46189,-8.0,1017.2,71.3,22.2,2020-10-01 20:22:20,6.0
413.0,46189,-8.0,1017.2,71.4,22.2,2020-10-01 20:27:21,1.0
445.0,46189,-8.0,1017.2,71.3,22.1,2020-10-01 20:32:21,6.0
445.0,46189,-8.0,1017.3,71.3,22.1,2020-10-01 20:37:21,6.0
450.0,46189,-8.0,1017.3,71.2,22.1,2020-10-01 20:42:22,7.0
445.0,46189,-8.0,1017.3,71.2,22.1,2020-10-01 20:47:22,6.0
420.0,46189,-8.0,1017.3,71.1,22.1,2020-10-01 20:52:22,3.0
445.0,46189,-8.0,1017.3,71.2,22.1,2020-10-01 20:57:22,6.0
445.0,46189,-8.0,1017.3,71.1,22.1,2020-10-01 21:02:23,6.0
443.0,46189,-8.0,1017.4,71.1,22.1,2020-10-01 21:07:23,6.0
445.0,46189,-8.0,1017.4,71.1,22.1,2020-10-01 21:12:23,6.0
445.0,46189,-8.0,1017.4,71.0,22.2,2020-10-01 21:17:23,6.0
455.0,46189,-8.0,1017.4,70.9,22.2,2020-10-01 21:22:24,8.0
466.0,46189,-8.0,1017.5,71.0,22.1,2020-10-01 21:27:24,10.0
472.0,46189,-8.0,1017.5,70.9,22.1,2020-10-01 21:32:24,10.0
492.0,46189,-8.0,1017.5,70.8,22.2,2020-10-01 21:37:24,14.0
498.0,46189,-8.0,1017.5,70.8,22.2,2020-10-01 21:42:24,14.0
508.0,46189,-8.0,1017.6,70.7,22.2,2020-10-01 21:47:25,16.0
529.0,46189,-8.0,1017.6,70.7,22.2,2020-10-01 21:52:25,19.0
537.0,46189,-8.0,1017.5,70.6,22.2,2020-10-01 21:57:25,20.0
548.0,46189,-8.0,1017.5,70.7,22.2,2020-10-01 22:02:25,22.0
524.0,46189,-8.0,1017.5,70.7,22.2,2020-10-01 22:07:25,18.0
553.0,46189,-8.0,1017.6,70.6,22.2,2020-10-01 22:12:26,23.0
553.0,46189,-8.0,1017.6,70.6,22.1,2020-10-01 22:17:26,23.0
543.0,46189,-8.0,1017.6,70.6,22.2,2020-10-01 22:22:26,21.0
553.0,46189,-8.0,1017.6,70.6,22.2,2020-10-01 22:27:26,23.0
553.0,46189,-8.0,1017.6,70.5,22.2,2020-10-01 22:32:26,23.0
553.0,46189,-8.0,1017.6,70.5,22.2,2020-10-01 22:37:27,23.0
548.0,46189,-8.0,1017.6,70.4,22.2,2020-10-01 22:42:27,22.0
543.0,46189,-8.0,1017.6,70.5,22.2,2020-10-01 22:47:27,21.0
543.0,46189,-8.0,1017.6,70.4,22.2,2020-10-01 22:52:27,21.0
543.0,46189,-8.0,1017.6,70.4,22.2,2020-10-01 22:57:27,21.0
553.0,46189,-8.0,1017.6,70.5,22.2,2020-10-01 23:02:28,23.0
560.0,46189,-8.0,1017.6,70.5,22.1,2020-10-01 23:07:28,24.0
553.0,46189,-8.0,1017.7,70.3,22.2,2020-10-01 23:12:28,23.0
543.0,46189,-8.0,1017.6,70.2,22.2,2020-10-01 23:17:28,21.0
543.0,46189,-8.0,1017.6,70.2,22.2,2020-10-01 23:22:28,21.0
548.0,46189,-8.0,1017.6,70.1,22.2,2020-10-01 23:27:28,22.0
548.0,46189,-8.0,1017.5,70.1,22.2,2020-10-01 23:32:29,22.0
553.0,46189,-8.0,1017.5,70.1,22.3,2020-10-01 23:37:29,23.0
553.0,46189,-8.0,1017.6,70.1,22.2,2020-10-01 23:42:29,23.0
517.0,46189,-8.0,1017.6,70.1,22.2,2020-10-01 23:47:29,17.0
569.0,46189,-8.0,1017.6,70.1,22.2,2020-10-01 23:52:29,25.0
569.0,46189,-8.0,1017.7,70.1,22.2,2020-10-01 23:57:30,25.0
566.0,46189,-8.0,1017.7,70.0,22.2,2020-10-02 00:02:30,25.0
566.0,46189,-8.0,1017.7,69.9,22.2,2020-10-02 00:07:30,25.0
560.0,46189,-8.0,1017.7,69.8,22.3,2020-10-02 00:12:30,24.0
560.0,46189,-8.0,1017.7,69.8,22.2,2020-10-02 00:17:31,24.0
553.0,46189,-8.0,1017.7,69.8,22.2,2020-10-02 00:22:31,23.0
508.0,46189,-8.0,1017.6,69.8,22.2,2020-10-02 00:27:31,16.0
548.0,46189,-8.0,1017.6,69.7,22.2,2020-10-02 00:32:31,22.0
537.0,46189,-8.0,1017.6,69.7,22.2,2020-10-02 00:37:31,20.0
534.0,46189,-8.0,1017.6,69.7,22.2,2020-10-02 00:42:32,20.0
529.0,46189,-8.0,1017.5,69.6,22.2,2020-10-02 00:47:32,19.0
524.0,46189,-8.0,1017.5,69.6,22.2,2020-10-02 00:52:32,18.0
517.0,46189,-8.0,1017.5,69.5,22.2,2020-10-02 00:57:32,17.0
508.0,46189,-8.0,1017.5,69.5,22.2,2020-10-02 01:02:32,16.0
502.0,46189,-8.0,1017.5,69.5,22.2,2020-10-02 01:07:33,15.0
487.0,46189,-8.0,1017.5,69.5,22.2,2020-10-02 01:12:33,13.0
487.0,46189,-8.0,1017.5,69.4,22.1,2020-10-02 01:17:33,13.0
455.0,46189,-8.0,1017.4,69.4,22.1,2020-10-02 01:22:33,8.0
455.0,46189,-8.0,1017.4,69.5,22.1,2020-10-02 01:27:34,8.0
492.0,46189,-8.0,1017.4,69.3,22.2,2020-10-02 01:32:34,14.0
508.0,46189,-8.0,1017.4,69.4,22.2,2020-10-02 01:37:34,16.0
537.0,46189,-8.0,1017.4,69.3,22.2,2020-10-02 01:42:34,20.0
543.0,46189,-8.0,1017.4,69.3,22.1,2020-10-02 01:47:34,21.0
543.0,46189,-8.0,1017.4,69.3,22.1,2020-10-02 01:52:35,21.0
543.0,46189,-8.0,1017.4,69.3,22.1,2020-10-02 01:57:35,21.0
548.0,46189,-8.0,1017.4,69.2,22.1,2020-10-02 02:02:35,22.0
553.0,46189,-8.0,1017.4,69.2,22.1,2020-10-02 02:07:35,23.0
560.0,46189,-8.0,1017.4,69.3,22.1,2020-10-02 02:12:36,24.0
553.0,46189,-8.0,1017.4,69.2,22.1,2020-10-02 02:17:36,23.0
560.0,46189,-8.0,1017.4,69.2,22.1,2020-10-02 02:22:36,24.0
548.0,46189,-8.0,1017.4,69.1,22.1,2020-10-02 02:27:36,22.0
548.0,46189,-8.0,1017.4,69.1,22.1,2020-10-02 02:32:36,22.0
553.0,46189,-8.0,1017.4,69.1,22.1,2020-10-02 02:37:37,23.0
553.0,46189,-8.0,1017.4,69.1,22.1,2020-10-02 02:42:37,23.0
553.0,46189,-8.0,1017.4,69.0,22.1,2020-10-02 02:47:37,23.0
548.0,46189,-8.0,1017.4,69.1,22.1,2020-10-02 02:52:37,22.0
548.0,46189,-8.0,1017.4,69.1,22.1,2020-10-02 02:57:37,22.0
543.0,46189,-8.0,1017.4,69.1,22.1,2020-10-02 03:02:38,21.0
537.0,46189,-8.0,1017.3,69.0,22.1,2020-10-02 03:07:38,20.0
534.0,46189,-8.0,1017.4,69.0,22.1,2020-10-02 03:12:38,20.0
534.0,46189,-8.0,1017.3,68.9,22.1,2020-10-02 03:17:38,20.0
529.0,46189,-8.0,1017.3,68.9,22.1,2020-10-02 03:22:38,19.0
524.0,46189,-8.0,1017.3,68.9,22.0,2020-10-02 03:27:39,18.0
529.0,46189,-8.0,1017.4,68.9,22.1,2020-10-02 03:32:39,19.0
529.0,46189,-8.0,1017.4,68.8,22.1,2020-10-02 03:37:39,10.0
529.0,46189,-8.0,1017.4,68.8,22.1,2020-10-02 03:42:39,19.0
508.0,46189,-8.0,1017.5,68.8,22.1,2020-10-02 03:47:40,16.0
508.0,46189,-8.0,1017.5,68.7,22.1,2020-10-02 03:52:40,16.0
517.0,46189,-8.0,1017.5,68.7,22.1,2020-10-02 03:57:40,17.0
517.0,46189,-8.0,1017.5,68.6,22.0,2020-10-02 04:02:40,17.0
517.0,46189,-8.0,1017.6,68.6,22.0,2020-10-02 04:07:40,17.0
524.0,46189,-8.0,1017.6,68.6,22.0,2020-10-02 04:12:41,18.0
508.0,46189,-8.0,1017.6,68.6,22.0,2020-10-02 04:17:41,16.0
502.0,46189,-8.0,1017.6,68.5,22.0,2020-10-02 04:22:41,15.0
498.0,46189,-8.0,1017.6,68.5,22.0,2020-10-02 04:27:41,14.0
459.0,46189,-8.0,1017.6,68.6,22.0,2020-10-02 04:32:41,8.0
492.0,46189,-8.0,1017.6,68.5,22.0,2020-10-02 04:37:42,14.0
487.0,46189,-8.0,1017.6,68.5,22.0,2020-10-02 04:42:42,13.0
482.0,46189,-8.0,1017.6,68.4,22.0,2020-10-02 04:47:42,12.0
480.0,46189,-8.0,1017.6,68.4,22.0,2020-10-02 04:52:42,12.0
472.0,46189,-8.0,1017.6,68.4,22.0,2020-10-02 04:57:43,10.0
472.0,46189,-8.0,1017.6,68.4,22.0,2020-10-02 05:02:43,10.0
472.0,46189,-8.0,1017.6,68.4,22.0,2020-10-02 05:07:43,10.0
459.0,46189,-8.0,1017.6,68.4,22.0,2020-10-02 05:12:43,8.0
463.0,46189,-8.0,1017.7,68.5,22.0,2020-10-02 05:17:43,9.0
463.0,46189,-8.0,1017.7,68.4,22.0,2020-10-02 05:22:44,9.0
434.0,46189,-8.0,1017.7,68.2,22.0,2020-10-02 05:27:44,5.0
434.0,46189,-8.0,1017.7,68.2,22.0,2020-10-02 05:32:44,5.0
466.0,46189,-8.0,1017.7,68.3,22.0,2020-10-02 05:37:44,10.0
466.0,46189,-8.0,1017.7,68.3,22.0,2020-10-02 05:42:45,10.0
466.0,46189,-8.0,1017.7,68.2,22.0,2020-10-02 05:47:45,10.0
472.0,46189,-8.0,1017.7,68.3,22.0,2020-10-02 05:52:45,10.0
480.0,46189,-8.0,1017.7,68.3,22.0,2020-10-02 05:57:45,12.0
482.0,46189,-8.0,1017.7,68.3,22.0,2020-10-02 06:02:45,12.0
439.0,46189,-8.0,1017.7,68.4,22.0,2020-10-02 06:07:46,5.0
498.0,46189,-8.0,1017.7,68.3,22.0,2020-10-02 06:12:46,14.0
502.0,46189,-8.0,1017.8,68.4,22.0,2020-10-02 06:17:46,15.0
502.0,46189,-8.0,1017.8,68.4,22.0,2020-10-02 06:22:46,15.0
508.0,46189,-8.0,1017.8,68.3,22.0,2020-10-02 06:27:46,16.0
517.0,46189,-8.0,1017.8,68.3,22.1,2020-10-02 06:32:47,17.0
524.0,46189,-8.0,1017.7,68.3,22.0,2020-10-02 06:37:47,18.0
534.0,46189,-8.0,1017.7,68.4,22.1,2020-10-02 06:42:47,20.0
524.0,46189,-8.0,1017.7,68.4,22.1,2020-10-02 06:47:47,18.0
537.0,46189,-8.0,1017.7,68.4,22.1,2020-10-02 06:52:48,20.0
548.0,46189,-8.0,1017.7,68.4,22.1,2020-10-02 06:57:48,22.0
524.0,46189,-8.0,1017.7,68.3,22.1,2020-10-02 07:02:48,18.0
566.0,46189,-8.0,1017.8,68.2,22.1,2020-10-02 07:07:48,25.0
566.0,46189,-8.0,1017.8,68.3,22.1,2020-10-02 07:12:48,25.0
569.0,46189,-8.0,1017.8,68.4,22.1,2020-10-02 07:17:49,25.0
569.0,46189,-8.0,1017.8,68.4,22.1,2020-10-02 07:22:49,25.0
578.0,46189,-8.0,1017.8,68.6,22.1,2020-10-02 07:27:49,27.0
589.0,46189,-8.0,1017.8,68.4,22.1,2020-10-02 07:32:49,28.0
581.0,46189,-8.0,1017.8,68.4,22.1,2020-10-02 07:37:49,27.0
589.0,46189,-8.0,1017.9,68.3,22.1,2020-10-02 07:42:50,28.0
589.0,46189,-8.0,1017.9,68.4,22.1,2020-10-02 07:47:50,28.0
589.0,46189,-8.0,1017.9,68.4,22.1,2020-10-02 07:52:50,28.0
596.0,46189,-8.0,1017.8,68.4,22.1,2020-10-02 07:57:50,29.0
589.0,46189,-8.0,1017.8,68.4,22.0,2020-10-02 08:02:51,28.0
631.0,46189,-8.0,1017.8,68.6,22.1,2020-10-02 08:07:51,35.0
708.0,46189,-8.0,1017.8,68.4,22.1,2020-10-02 08:12:51,46.0
735.0,46189,-8.0,1017.8,68.3,22.1,2020-10-02 08:17:51,51.0
715.0,46189,-8.0,1017.8,68.4,22.1,2020-10-02 08:22:51,47.0
715.0,46189,-8.0,1017.9,68.4,22.1,2020-10-02 08:27:52,47.0
697.0,46189,-8.0,1017.9,68.4,22.1,2020-10-02 08:32:52,45.0
697.0,46189,-8.0,1018.0,68.4,22.1,2020-10-02 08:37:52,45.0
683.0,46189,-8.0,1018.0,68.4,22.0,2020-10-02 08:42:52,43.0
683.0,46189,-8.0,1018.0,68.4,22.0,2020-10-02 08:47:52,43.0
672.0,46189,-8.0,1018.0,68.5,22.0,2020-10-02 08:52:53,41.0
672.0,46189,-8.0,1018.0,68.5,22.0,2020-10-02 08:57:53,41.0
674.0,46189,-8.0,1018.0,68.4,22.0,2020-10-02 09:02:53,41.0
656.0,46189,-8.0,1018.1,68.7,21.9,2020-10-02 09:07:53,39.0
665.0,46189,-8.0,1018.1,69.3,21.7,2020-10-02 09:12:54,40.0
665.0,46189,-8.0,1018.0,69.7,21.6,2020-10-02 09:17:54,40.0
674.0,46189,-8.0,1018.1,70.0,21.4,2020-10-02 09:22:54,41.0
665.0,46189,-8.0,1018.0,70.3,21.4,2020-10-02 09:27:54,40.0
674.0,46189,-8.0,1018.1,70.5,21.3,2020-10-02 09:32:54,41.0
674.0,46189,-8.0,1018.1,70.7,21.2,2020-10-02 09:37:55,41.0
674.0,46189,-8.0,1018.1,70.9,21.2,2020-10-02 09:42:55,41.0
665.0,46189,-8.0,1018.1,71.0,21.1,2020-10-02 09:47:55,40.0
665.0,46189,-8.0,1018.1,71.1,21.1,2020-10-02 09:52:55,40.0
656.0,46189,-8.0,1018.2,71.2,21.1,2020-10-02 09:57:56,39.0
665.0,46189,-8.0,1018.2,71.2,21.1,2020-10-02 10:02:56,40.0
656.0,46189,-8.0,1018.2,71.3,21.0,2020-10-02 10:07:56,39.0
665.0,46189,-8.0,1018.2,71.4,21.0,2020-10-02 10:12:56,28.0
665.0,46189,-8.0,1018.2,71.4,21.0,2020-10-02 10:17:57,40.0
656.0,46189,-8.0,1018.2,71.5,21.0,2020-10-02 10:22:57,39.0
656.0,46189,-8.0,1018.2,71.5,21.0,2020-10-02 10:27:57,39.0
643.0,46189,-8.0,1018.2,71.5,21.0,2020-10-02 10:32:57,37.0
643.0,46189,-8.0,1018.2,71.6,21.0,2020-10-02 10:37:57,37.0
643.0,46189,-8.0,1018.2,71.6,21.0,2020-10-02 10:42:58,37.0
650.0,46189,-8.0,1018.2,71.7,21.0,2020-10-02 10:47:58,38.0
656.0,46189,-8.0,1018.2,71.7,21.0,2020-10-02 10:52:58,39.0
650.0,46189,-8.0,1018.2,71.8,21.0,2020-10-02 10:57:58,38.0
665.0,46189,-8.0,1018.1,71.9,20.9,2020-10-02 11:02:58,40.0
643.0,46189,-8.0,1018.1,71.9,20.9,2020-10-02 11:07:59,37.0
656.0,46189,-8.0,1018.1,71.9,20.9,2020-10-02 11:12:59,39.0
650.0,46189,-8.0,1018.2,72.0,20.9,2020-10-02 11:17:59,38.0
643.0,46189,-8.0,1018.2,72.1,20.9,2020-10-02 11:22:59,37.0
650.0,46189,-8.0,1018.2,72.1,20.9,2020-10-02 11:28:00,38.0
643.0,46189,-8.0,1018.1,72.2,20.9,2020-10-02 11:33:00,37.0
650.0,46189,-8.0,1018.1,72.2,20.9,2020-10-02 11:38:00,38.0
634.0,46189,-8.0,1018.0,72.3,20.9,2020-10-02 11:43:00,35.0
643.0,46189,-8.0,1018.0,72.3,20.9,2020-10-02 11:48:01,37.0
627.0,46189,-8.0,1018.0,72.3,20.9,2020-10-02 11:53:01,34.0
627.0,46189,-8.0,1018.0,72.3,20.9,2020-10-02 11:58:01,34.0
627.0,46189,-8.0,1018.0,72.4,20.9,2020-10-02 12:03:01,34.0
634.0,46189,-8.0,1017.9,72.5,20.9,2020-10-02 12:08:01,35.0
627.0,46189,-8.0,1017.9,72.5,20.9,2020-10-02 12:13:02,34.0
621.0,46189,-8.0,1017.9,72.6,20.9,2020-10-02 12:18:02,33.0
627.0,46189,-8.0,1017.9,72.6,20.9,2020-10-02 12:23:02,34.0
627.0,46189,-8.0,1017.9,72.7,20.9,2020-10-02 12:28:02,34.0
621.0,46189,-8.0,1017.9,72.7,20.8,2020-10-02 12:33:03,33.0
627.0,46189,-8.0,1017.8,72.8,20.8,2020-10-02 12:38:03,34.0
621.0,46189,-8.0,1017.8,72.8,20.8,2020-10-02 12:43:03,33.0
621.0,46189,-8.0,1017.8,72.9,20.8,2020-10-02 12:48:03,33.0
621.0,46189,-8.0,1017.7,72.9,20.8,2020-10-02 12:53:04,33.0
627.0,46189,-8.0,1017.7,72.9,20.8,2020-10-02 12:58:04,24.0
627.0,46189,-8.0,1017.6,72.9,20.9,2020-10-02 13:03:04,34.0
634.0,46189,-8.0,1017.5,73.0,20.8,2020-10-02 13:08:04,35.0
634.0,46189,-8.0,1017.5,73.0,20.8,2020-10-02 13:13:04,35.0
643.0,46189,-8.0,1017.5,73.1,20.8,2020-10-02 13:18:05,37.0
643.0,46189,-8.0,1017.4,73.1,20.8,2020-10-02 13:23:05,37.0
665.0,46189,-8.0,1017.4,73.2,20.8,2020-10-02 13:28:05,40.0
665.0,46189,-8.0,1017.3,73.2,20.8,2020-10-02 13:33:05,40.0
665.0,46189,-8.0,1017.2,73.2,20.8,2020-10-02 13:38:06,40.0
698.0,46189,-8.0,1017.2,73.3,20.8,2020-10-02 13:43:06,45.0
701.0,46189,-8.0,1017.2,73.4,20.8,2020-10-02 13:48:06,45.0
701.0,46189,-8.0,1017.1,73.4,20.8,2020-10-02 13:53:06,45.0
689.0,46189,-8.0,1017.1,73.4,20.8,2020-10-02 13:58:07,44.0
698.0,46189,-8.0,1017.1,73.4,20.8,2020-10-02 14:03:07,45.0
680.0,46189,-8.0,1017.0,73.5,20.8,2020-10-02 14:08:07,42.0
689.0,46189,-8.0,1017.0,73.5,20.8,2020-10-02 14:13:07,44.0
689.0,46189,-8.0,1016.9,73.6,20.8,2020-10-02 14:18:08,44.0
698.0,46189,-8.0,1016.9,73.6,20.8,2020-10-02 14:23:08,45.0
689.0,46189,-8.0,1016.8,73.6,20.8,2020-10-02 14:28:08,44.0
627.0,46189,-8.0,1016.7,73.7,20.8,2020-10-02 14:33:08,34.0
714.0,46189,-8.0,1016.7,73.7,20.8,2020-10-02 14:38:09,47.0
698.0,46189,-8.0,1016.6,73.7,20.8,2020-10-02 14:43:09,45.0
674.0,46189,-8.0,1016.6,73.7,20.8,2020-10-02 14:48:09,41.0
701.0,46189,-8.0,1016.5,73.8,20.8,2020-10-02 14:53:09,45.0
730.0,46189,-8.0,1016.4,73.8,20.8,2020-10-02 14:58:10,50.0
714.0,46189,-8.0,1016.4,73.8,20.8,2020-10-02 15:03:10,47.0
714.0,46189,-8.0,1016.4,73.8,20.8,2020-10-02 15:08:10,47.0
726.0,46189,-8.0,1016.4,73.9,20.8,2020-10-02 15:13:10,49.0
730.0,46189,-8.0,1016.3,73.9,20.8,2020-10-02 15:18:11,50.0
751.0,46189,-8.0,1016.3,73.9,20.8,2020-10-02 15:23:11,53.0
765.0,46189,-8.0,1016.3,74.0,20.8,2020-10-02 15:28:11,55.0
765.0,46189,-8.0,1016.2,74.0,20.8,2020-10-02 15:33:11,55.0
765.0,46189,-8.0,1016.2,74.0,20.8,2020-10-02 15:38:11,55.0
774.0,46189,-8.0,1016.2,74.0,20.8,2020-10-02 15:43:12,56.0
774.0,46189,-8.0,1016.1,74.0,20.8,2020-10-02 15:48:12,56.0
774.0,46189,-8.0,1016.2,74.1,20.8,2020-10-02 15:53:12,56.0
726.0,46189,-8.0,1016.2,74.1,20.8,2020-10-02 15:58:12,49.0
755.0,46189,-8.0,1016.1,74.1,20.8,2020-10-02 16:03:13,54.0
765.0,46189,-8.0,1016.1,74.2,20.8,2020-10-02 16:08:13,55.0
765.0,46189,-8.0,1016.0,74.2,20.8,2020-10-02 16:13:13,55.0
755.0,46189,-8.0,1016.0,74.2,20.8,2020-10-02 16:18:13,54.0
755.0,46189,-8.0,1016.0,74.2,20.8,2020-10-02 16:23:14,54.0
751.0,46189,-8.0,1016.0,74.2,20.8,2020-10-02 16:28:14,53.0
751.0,46189,-8.0,1016.0,74.2,20.8,2020-10-02 16:33:14,53.0
738.0,46189,-8.0,1015.9,74.3,20.8,2020-10-02 16:38:14,51.0
730.0,46189,-8.0,1015.9,74.3,20.8,2020-10-02 16:43:15,50.0
730.0,46189,-8.0,1015.8,74.4,20.8,2020-10-02 16:48:15,50.0
665.0,46189,-8.0,1015.8,74.4,20.8,2020-10-02 16:53:15,40.0
698.0,46189,-8.0,1015.8,74.4,20.8,2020-10-02 16:58:15,45.0
698.0,46189,-8.0,1015.8,74.5,20.8,2020-10-02 17:03:16,45.0
627.0,46189,-8.0,1015.8,74.3,20.9,2020-10-02 17:08:16,34.0
698.0,46189,-8.0,1015.8,73.5,21.2,2020-10-02 17:13:16,45.0
689.0,46189,-8.0,1015.8,73.1,21.3,2020-10-02 17:18:16,44.0
680.0,46189,-8.0,1015.8,72.7,21.5,2020-10-02 17:23:16,42.0
680.0,46189,-8.0,1015.8,72.4,21.6,2020-10-02 17:28:17,42.0
599.0,46189,-8.0,1015.8,72.3,21.7,2020-10-02 17:33:17,30.0
665.0,46189,-8.0,1015.7,72.2,21.7,2020-10-02 17:38:17,40.0
665.0,46189,-8.0,1015.7,72.0,21.8,2020-10-02 17:43:17,40.0
650.0,46189,-8.0,1015.7,71.9,21.8,2020-10-02 17:48:18,38.0
634.0,46189,-8.0,1015.7,71.8,21.9,2020-10-02 17:53:18,35.0
614.0,46189,-8.0,1015.7,71.9,21.9,2020-10-02 17:58:18,32.0
606.0,46189,-8.0,1015.6,71.8,21.9,2020-10-02 18:03:18,31.0
606.0,46189,-8.0,1015.6,71.7,21.9,2020-10-02 18:08:19,31.0
621.0,46189,-8.0,1015.6,71.7,21.9,2020-10-02 18:13:19,33.0
643.0,46189,-8.0,1015.7,71.8,21.9,2020-10-02 18:18:19,37.0
643.0,46189,-8.0,1015.7,71.7,22.0,2020-10-02 18:23:19,37.0
621.0,46189,-8.0,1015.7,71.7,22.0,2020-10-02 18:28:19,33.0
674.0,46189,-8.0,1015.7,71.7,22.0,2020-10-02 18:33:20,41.0
698.0,46189,-8.0,1015.7,71.7,22.0,2020-10-02 18:38:20,45.0
714.0,46189,-8.0,1015.7,71.7,22.0,2020-10-02 18:43:20,47.0
730.0,46189,-8.0,1015.7,71.6,22.0,2020-10-02 18:48:20,50.0
751.0,46189,-8.0,1015.7,71.5,22.0,2020-10-02 18:53:21,53.0
774.0,46189,-8.0,1015.7,71.5,22.0,2020-10-02 18:58:21,56.0
803.0,46189,-8.0,1015.7,71.5,22.0,2020-10-02 19:03:21,61.0
842.0,46189,-8.0,1015.7,71.5,22.0,2020-10-02 19:08:21,67.0
842.0,46189,-8.0,1015.7,71.6,22.0,2020-10-02 19:13:22,67.0
864.0,46189,-8.0,1015.7,71.5,22.0,2020-10-02 19:18:22,70.0
864.0,46189,-8.0,1015.7,71.5,22.0,2020-10-02 19:23:22,70.0
864.0,46189,-8.0,1015.6,71.5,22.0,2020-10-02 19:28:23,70.0
864.0,46189,-8.0,1015.6,71.5,22.0,2020-10-02 19:33:23,70.0
794.0,46189,-8.0,1015.7,71.4,22.1,2020-10-02 19:38:23,60.0
842.0,46189,-8.0,1015.6,71.4,22.1,2020-10-02 19:43:23,67.0
821.0,46189,-8.0,1015.7,71.4,22.0,2020-10-02 19:48:24,64.0
788.0,46189,-8.0,1015.7,71.3,22.0,2020-10-02 19:53:24,59.0
765.0,46189,-8.0,1015.7,71.3,22.0,2020-10-02 19:58:24,55.0
38912.0,46189,-8.0,1034.6,73.3,33.4,2020-10-02 20:03:24,45.0
730.0,46189,-8.0,1015.7,71.3,22.0,2020-10-02 20:08:25,50.0
730.0,46189,-8.0,1015.7,71.4,22.0,2020-10-02 20:13:25,50.0
738.0,46189,-8.0,1015.7,71.4,22.0,2020-10-02 20:18:25,51.0
730.0,46189,-8.0,1015.8,71.4,22.0,2020-10-02 20:23:26,50.0
738.0,46189,-8.0,1015.7,71.3,22.0,2020-10-02 20:28:26,41.0
726.0,46189,-8.0,1015.7,71.3,22.0,2020-10-02 20:33:27,49.0
714.0,46189,-8.0,1015.7,71.3,22.0,2020-10-02 20:38:27,47.0
714.0,46189,-8.0,1015.7,71.3,22.0,2020-10-02 20:43:28,47.0
689.0,46189,-8.0,1015.8,71.2,22.0,2020-10-02 20:48:28,44.0
698.0,46189,-8.0,1015.8,71.0,22.0,2020-10-02 20:53:28,34.0
714.0,46189,-8.0,1015.8,70.8,22.0,2020-10-02 20:58:29,47.0
701.0,46189,-8.0,1015.8,70.7,22.1,2020-10-02 21:03:29,45.0
730.0,46189,-8.0,1015.9,70.6,22.1,2020-10-02 21:08:30,50.0
730.0,46189,-8.0,1015.9,70.4,22.1,2020-10-02 21:13:30,50.0
726.0,46189,-8.0,1015.9,70.4,22.2,2020-10-02 21:18:30,49.0
665.0,46189,-8.0,1015.9,70.4,22.2,2020-10-02 21:23:30,40.0
726.0,46189,-8.0,1015.9,70.4,22.2,2020-10-02 21:28:31,49.0
689.0,46189,-8.0,1016.0,70.4,22.2,2020-10-02 21:33:31,44.0
714.0,46189,-8.0,1015.9,70.3,22.2,2020-10-02 21:38:31,47.0
665.0,46189,-8.0,1015.9,70.4,22.2,2020-10-02 21:43:32,40.0
730.0,46189,-8.0,1016.0,70.4,22.2,2020-10-02 21:48:32,50.0
665.0,46189,-8.0,1016.0,70.3,22.2,2020-10-02 21:53:32,40.0
738.0,46189,-8.0,1016.0,70.3,22.2,2020-10-02 21:58:33,51.0
680.0,46189,-8.0,1016.0,70.2,22.2,2020-10-02 22:03:33,42.0
751.0,46189,-8.0,1016.0,70.3,22.2,2020-10-02 22:08:33,53.0
738.0,46189,-8.0,1016.0,70.2,22.2,2020-10-02 22:13:33,51.0
765.0,46189,-8.0,1016.0,70.3,22.1,2020-10-02 22:18:34,55.0
755.0,46189,-8.0,1016.0,70.3,22.1,2020-10-02 22:23:34,54.0
755.0,46189,-8.0,1016.1,70.3,22.1,2020-10-02 22:28:34,54.0
755.0,46189,-8.0,1016.1,70.3,22.1,2020-10-02 22:33:35,54.0
755.0,46189,-8.0,1016.1,70.3,22.1,2020-10-02 22:38:35,54.0
765.0,46189,-8.0,1016.0,70.2,22.1,2020-10-02 22:43:35,55.0
774.0,46189,-8.0,1016.0,70.2,22.1,2020-10-02 22:48:36,56.0
755.0,46189,-8.0,1016.0,70.1,22.1,2020-10-02 22:53:36,54.0
730.0,46189,-8.0,1016.0,70.2,22.1,2020-10-02 22:58:36,50.0
730.0,46189,-8.0,1016.0,70.1,22.1,2020-10-02 23:03:36,50.0
698.0,46189,-8.0,1016.0,70.1,22.1,2020-10-02 23:08:37,45.0
765.0,46189,-8.0,1016.1,70.1,22.1,2020-10-02 23:13:37,55.0
765.0,46189,-8.0,1016.1,70.1,22.1,2020-10-02 23:18:37,55.0
755.0,46189,-8.0,1016.1,70.1,22.1,2020-10-02 23:23:38,54.0
755.0,46189,-8.0,1016.1,69.9,22.4,2020-10-02 23:28:38,54.0
812.0,46189,-8.0,1016.1,69.8,22.3,2020-10-02 23:33:38,62.0
812.0,46189,-8.0,1016.1,69.8,22.2,2020-10-02 23:38:38,62.0
726.0,46189,-8.0,1016.1,69.9,22.2,2020-10-02 23:43:39,49.0
803.0,46189,-8.0,1016.0,69.8,22.1,2020-10-02 23:48:39,61.0
803.0,46189,-8.0,1016.1,69.8,22.1,2020-10-02 23:53:39,61.0
803.0,46189,-8.0,1016.2,69.8,22.1,2020-10-02 23:58:40,61.0
812.0,46189,-8.0,1016.2,69.8,22.1,2020-10-03 00:01:56,62.0
812.0,46189,-8.0,1016.1,69.8,22.1,2020-10-03 00:07:07,62.0
457.0,46189,-8.0,1016.1,69.8,22.1,2020-10-03 00:12:07,2.0
461.0,46189,-8.0,1016.2,69.8,22.1,2020-10-03 00:17:07,9.0
433.0,46189,-8.0,1016.2,69.8,22.1,2020-10-03 00:22:08,5.0
476.0,46189,-8.0,1016.2,69.7,22.1,2020-10-03 00:27:08,11.0
466.0,46189,-8.0,1016.3,69.7,22.1,2020-10-03 00:32:08,10.0
481.0,46189,-8.0,1016.2,69.8,22.1,2020-10-03 00:37:09,12.0
485.0,46189,-8.0,1016.2,69.8,22.1,2020-10-03 00:42:09,12.0
485.0,46189,-8.0,1016.3,69.8,22.1,2020-10-03 00:47:09,12.0
491.0,46189,-8.0,1016.3,69.7,22.1,2020-10-03 00:52:10,13.0
495.0,46189,-8.0,1016.3,69.6,22.1,2020-10-03 00:57:10,14.0
495.0,46189,-8.0,1016.3,69.6,22.1,2020-10-03 01:02:11,14.0
495.0,46189,-8.0,1016.3,69.6,22.0,2020-10-03 01:07:11,14.0
500.0,46189,-8.0,1016.4,69.5,22.1,2020-10-03 01:12:11,15.0
500.0,46189,-8.0,1016.4,69.4,22.1,2020-10-03 01:17:12,15.0
500.0,46189,-8.0,1016.4,69.4,22.0,2020-10-03 01:22:12,15.0
491.0,46189,-8.0,1016.4,69.4,22.0,2020-10-03 01:27:12,13.0
485.0,46189,-8.0,1016.4,69.3,22.1,2020-10-03 01:32:13,12.0
485.0,46189,-8.0,1016.4,69.3,22.1,2020-10-03 01:37:13,12.0
444.0,46189,-8.0,1016.4,69.2,22.1,2020-10-03 01:42:13,6.0
461.0,46189,-8.0,1016.4,69.2,22.1,2020-10-03 01:47:13,9.0
461.0,46189,-8.0,1016.4,69.1,22.1,2020-10-03 01:52:14,9.0
436.0,46189,-8.0,1016.5,69.1,22.1,2020-10-03 01:57:14,5.0
422.0,46189,-8.0,1016.5,69.2,22.0,2020-10-03 02:02:14,3.0
416.0,46189,-8.0,1016.4,69.1,22.0,2020-10-03 02:07:14,2.0
420.0,46189,-8.0,1016.4,69.1,22.0,2020-10-03 02:12:15,3.0
415.0,46189,-8.0,1016.5,69.1,22.0,2020-10-03 02:17:15,2.0
459.0,46189,-8.0,1016.5,69.0,22.1,2020-10-03 02:22:15,8.0
459.0,46189,-8.0,1016.5,68.9,22.1,2020-10-03 02:27:16,8.0
454.0,46189,-8.0,1016.4,68.9,22.1,2020-10-03 02:32:16,8.0
459.0,46189,-8.0,1016.4,68.8,22.1,2020-10-03 02:37:16,8.0
454.0,46189,-8.0,1016.3,68.8,22.1,2020-10-03 02:42:17,8.0
446.0,46189,-8.0,1016.3,68.6,22.1,2020-10-03 02:47:17,7.0
446.0,46189,-8.0,1016.4,68.6,22.1,2020-10-03 02:52:17,7.0
446.0,46189,-8.0,1016.4,68.6,22.1,2020-10-03 02:57:17,7.0
400.0,46189,-8.0,1016.5,68.6,22.1,2020-10-03 03:02:18,0.0
442.0,46189,-8.0,1016.5,68.6,22.0,2020-10-03 03:07:18,6.0
442.0,46189,-8.0,1016.5,68.5,22.0,2020-10-03 03:12:18,6.0
447.0,46189,-8.0,1016.5,68.5,22.0,2020-10-03 03:17:19,7.0
447.0,46189,-8.0,1016.5,68.5,22.0,2020-10-03 03:22:19,7.0
447.0,46189,-8.0,1016.5,68.5,22.0,2020-10-03 03:27:19,7.0
446.0,46189,-8.0,1016.5,68.5,22.0,2020-10-03 03:32:19,7.0
446.0,46189,-8.0,1016.5,68.5,22.0,2020-10-03 03:37:20,7.0
446.0,46189,-8.0,1016.5,68.3,22.0,2020-10-03 03:42:20,7.0
423.0,46189,-8.0,1016.5,68.3,22.0,2020-10-03 03:47:20,3.0
459.0,46189,-8.0,1016.5,68.3,22.0,2020-10-03 03:52:21,8.0
421.0,46189,-8.0,1016.4,68.3,22.0,2020-10-03 03:57:21,3.0
450.0,46189,-8.0,1016.4,68.3,22.0,2020-10-03 04:02:21,7.0
409.0,46189,-8.0,1016.4,68.3,21.9,2020-10-03 04:07:22,1.0
445.0,46189,-8.0,1016.4,68.3,21.9,2020-10-03 04:12:22,6.0
448.0,46189,-8.0,1016.4,68.3,21.9,2020-10-03 04:17:23,7.0
38912.0,46189,-8.0,1016.5,68.3,21.9,2020-10-03 04:22:23,8.0
448.0,46189,-8.0,1016.5,68.3,21.9,2020-10-03 04:27:24,7.0
448.0,46189,-8.0,1016.4,68.3,21.9,2020-10-03 04:32:24,7.0
445.0,46189,-8.0,1016.4,68.2,21.9,2020-10-03 04:37:24,6.0
454.0,46189,-8.0,1016.4,68.2,21.9,2020-10-03 04:42:25,8.0
454.0,46189,-8.0,1016.5,68.2,21.9,2020-10-03 04:47:25,8.0
454.0,46189,-8.0,1016.5,68.2,21.9,2020-10-03 04:52:25,8.0
454.0,46189,-8.0,1016.5,68.3,21.9,2020-10-03 04:57:26,8.0
460.0,46189,-8.0,1016.5,68.2,21.9,2020-10-03 05:02:26,9.0
454.0,46189,-8.0,1016.5,68.2,21.9,2020-10-03 05:07:26,8.0
460.0,46189,-8.0,1016.5,68.3,21.9,2020-10-03 05:12:27,9.0
435.0,46189,-8.0,1016.6,68.2,21.9,2020-10-03 05:17:27,5.0
435.0,46189,-8.0,1016.5,68.2,21.9,2020-10-03 05:22:27,5.0
470.0,46189,-8.0,1016.5,68.2,21.9,2020-10-03 05:27:27,10.0
470.0,46189,-8.0,1016.5,68.3,21.9,2020-10-03 05:32:28,10.0
475.0,46189,-8.0,1016.5,68.2,21.9,2020-10-03 05:37:28,11.0
470.0,46189,-8.0,1016.6,68.2,21.9,2020-10-03 05:42:28,10.0
463.0,46189,-8.0,1016.6,68.3,21.9,2020-10-03 05:47:29,9.0
435.0,46189,-8.0,1016.6,68.3,21.9,2020-10-03 05:52:29,5.0
435.0,46189,-8.0,1016.6,68.4,21.9,2020-10-03 05:57:29,5.0
460.0,46189,-8.0,1016.6,68.4,21.9,2020-10-03 06:02:29,9.0
460.0,46189,-8.0,1016.6,68.4,21.9,2020-10-03 06:07:30,9.0
460.0,46189,-8.0,1016.6,68.4,22.0,2020-10-03 06:12:30,9.0
463.0,46189,-8.0,1016.6,68.3,22.0,2020-10-03 06:17:30,9.0
463.0,46189,-8.0,1016.7,68.3,22.0,2020-10-03 06:22:31,9.0
422.0,46189,-8.0,1016.8,68.3,21.9,2020-10-03 06:27:31,3.0
460.0,46189,-8.0,1016.8,68.3,21.9,2020-10-03 06:32:31,9.0
454.0,46189,-8.0,1016.8,68.4,21.9,2020-10-03 06:37:31,8.0
460.0,46189,-8.0,1016.8,68.3,21.9,2020-10-03 06:42:32,9.0
454.0,46189,-8.0,1016.8,68.4,21.9,2020-10-03 06:47:32,8.0
454.0,46189,-8.0,1016.7,68.4,21.9,2020-10-03 06:52:32,1.0
413.0,46189,-8.0,1016.7,68.4,22.0,2020-10-03 06:57:32,1.0
448.0,46189,-8.0,1016.8,68.3,22.0,2020-10-03 07:02:33,7.0
448.0,46189,-8.0,1016.8,68.3,21.9,2020-10-03 07:07:33,7.0
439.0,46189,-8.0,1016.8,68.3,21.9,2020-10-03 07:12:33,5.0
434.0,46189,-8.0,1016.8,68.4,21.9,2020-10-03 07:17:33,5.0
442.0,46189,-8.0,1016.8,68.4,21.9,2020-10-03 07:22:34,6.0
442.0,46189,-8.0,1016.8,68.5,21.9,2020-10-03 07:27:34,6.0
432.0,46189,-8.0,1016.9,68.4,21.9,2020-10-03 07:32:34,4.0
442.0,46189,-8.0,1016.8,68.5,21.9,2020-10-03 07:37:35,6.0
443.0,46189,-8.0,1016.8,68.5,21.9,2020-10-03 07:42:35,0.0
439.0,46189,-8.0,1016.9,68.4,22.0,2020-10-03 07:47:35,5.0
439.0,46189,-8.0,1016.9,68.4,22.0,2020-10-03 07:52:36,5.0
447.0,46189,-8.0,1016.9,68.5,21.9,2020-10-03 07:57:36,7.0
447.0,46189,-8.0,1016.9,68.5,21.9,2020-10-03 08:02:36,7.0
457.0,46189,-8.0,1016.9,68.6,21.9,2020-10-03 08:07:37,8.0
457.0,46189,-8.0,1016.9,68.6,21.9,2020-10-03 08:12:37,8.0
452.0,46189,-8.0,1016.9,68.7,21.9,2020-10-03 08:17:37,7.0
452.0,46189,-8.0,1016.9,68.7,21.9,2020-10-03 08:22:38,7.0
452.0,46189,-8.0,1017.0,68.7,21.9,2020-10-03 08:27:38,7.0
452.0,46189,-8.0,1017.0,68.7,21.9,2020-10-03 08:32:38,7.0
452.0,46189,-8.0,1017.1,68.7,21.9,2020-10-03 08:37:39,7.0
529.0,46189,-8.0,1017.1,68.2,22.0,2020-10-03 08:42:39,19.0
631.0,46189,-8.0,1017.1,67.6,22.3,2020-10-03 08:47:40,35.0
728.0,46189,-8.0,1017.0,67.4,22.4,2020-10-03 08:52:40,49.0
806.0,46189,-8.0,1017.0,67.4,22.4,2020-10-03 08:57:40,61.0
872.0,46189,-8.0,1017.0,67.5,22.3,2020-10-03 09:02:41,61.0
905.0,46189,-8.0,1017.1,67.8,22.2,2020-10-03 09:07:41,76.0
895.0,46189,-8.0,1017.1,68.5,21.9,2020-10-03 09:12:42,75.0
964.0,46189,-8.0,1017.2,68.7,21.9,2020-10-03 09:17:42,85.0
964.0,46189,-8.0,1017.1,68.9,21.8,2020-10-03 09:22:42,85.0
992.0,46189,-8.0,1017.1,69.3,21.7,2020-10-03 09:27:42,90.0
1014.0,46189,-8.0,1017.0,69.6,21.6,2020-10-03 09:32:43,93.0
1062.0,46189,-8.0,1017.1,69.8,21.5,2020-10-03 09:37:43,100.0
1090.0,46189,-8.0,1017.1,70.1,21.4,2020-10-03 09:42:43,105.0
1050.0,46189,-8.0,1017.2,70.3,21.4,2020-10-03 09:47:44,99.0
1144.0,46189,-8.0,1017.1,70.3,21.4,2020-10-03 09:52:44,113.0
1144.0,16389,-8.0,1257.7,100.0,-125.1,2020-10-03 09:57:44,113.0
1144.0,46189,-8.0,1017.1,69.9,21.7,2020-10-03 10:02:45,113.0
1156.0,46189,-8.0,1017.0,70.2,21.6,2020-10-03 10:07:45,115.0
1144.0,46189,-8.0,1017.1,70.4,21.5,2020-10-03 10:12:45,113.0
1144.0,46189,-8.0,1017.1,70.4,21.5,2020-10-03 10:17:46,113.0
1038.0,46189,-8.0,1036.9,72.5,33.4,2020-10-03 10:22:46,97.0
1038.0,46189,-8.0,1017.0,70.1,21.5,2020-10-03 10:27:46,97.0
1144.0,46189,-8.0,1017.0,70.3,21.6,2020-10-03 10:32:46,113.0
1144.0,46189,-8.0,1017.0,70.5,21.6,2020-10-03 10:37:47,113.0
1156.0,46189,-8.0,1016.9,70.6,21.6,2020-10-03 10:42:47,115.0
1156.0,46189,-8.0,1016.9,70.8,21.5,2020-10-03 10:47:47,115.0
1207.0,46189,-8.0,1016.9,71.0,21.5,2020-10-03 10:52:48,122.0
1156.0,46189,-8.0,1016.8,71.2,21.4,2020-10-03 10:57:48,115.0
1156.0,46189,-8.0,1016.8,71.3,21.4,2020-10-03 11:02:48,115.0
1156.0,46189,-8.0,1016.8,71.4,21.3,2020-10-03 11:07:49,115.0
1090.0,46189,-8.0,1016.8,71.5,21.3,2020-10-03 11:12:49,105.0
1090.0,46189,-8.0,1016.8,71.6,21.3,2020-10-03 11:17:49,105.0
1077.0,46189,-8.0,1016.8,71.6,21.3,2020-10-03 11:22:49,103.0
1062.0,46189,-8.0,1016.8,71.7,21.2,2020-10-03 11:27:50,100.0
1062.0,46189,-8.0,1016.8,71.8,21.2,2020-10-03 11:32:50,100.0
1102.0,46189,-8.0,1016.8,71.8,21.3,2020-10-03 11:37:50,106.0
1131.0,46189,-8.0,1016.8,71.8,21.2,2020-10-03 11:42:50,111.0
1144.0,46189,-8.0,1016.7,71.9,21.2,2020-10-03 11:47:51,113.0
1144.0,46189,-8.0,1016.7,72.0,21.2,2020-10-03 11:52:51,113.0
1144.0,46189,-8.0,1016.7,72.0,21.2,2020-10-03 11:57:51,113.0
1062.0,46189,-8.0,1016.6,72.0,21.2,2020-10-03 12:02:51,100.0
1102.0,46189,-8.0,1016.6,72.1,21.1,2020-10-03 12:07:52,106.0
1102.0,46189,-8.0,1016.6,72.2,21.1,2020-10-03 12:12:52,106.0
1077.0,46189,-8.0,1016.5,72.1,21.1,2020-10-03 12:17:52,103.0
1077.0,46189,-8.0,1016.5,72.1,21.1,2020-10-03 12:22:52,103.0
1062.0,46189,-8.0,1016.5,72.2,21.1,2020-10-03 12:27:53,100.0
1050.0,46189,-8.0,1016.5,72.2,21.1,2020-10-03 12:32:53,99.0
1050.0,46189,-8.0,1016.4,72.3,21.1,2020-10-03 12:37:53,99.0
1050.0,46189,-8.0,1016.4,72.3,21.1,2020-10-03 12:42:53,99.0
1038.0,46189,-8.0,1016.4,72.3,21.1,2020-10-03 12:47:54,97.0
1014.0,46189,-8.0,1016.3,72.3,21.0,2020-10-03 12:52:54,93.0
942.0,46189,-8.0,1016.3,72.4,21.1,2020-10-03 12:57:54,82.0
1014.0,46189,-8.0,1016.2,72.4,21.1,2020-10-03 13:02:54,93.0
1014.0,46189,-8.0,1016.2,72.5,21.0,2020-10-03 13:07:55,93.0
1004.0,46189,-8.0,1016.2,72.5,21.1,2020-10-03 13:12:55,92.0
1004.0,46189,-8.0,1016.1,72.5,21.0,2020-10-03 13:17:55,92.0
933.0,46189,-8.0,1016.1,72.6,21.0,2020-10-03 13:22:56,81.0
1004.0,46189,-8.0,1016.0,72.5,21.0,2020-10-03 13:27:56,92.0
1004.0,46189,-8.0,1016.0,72.6,21.0,2020-10-03 13:32:56,92.0
1004.0,46189,-8.0,1015.9,72.7,21.0,2020-10-03 13:37:56,92.0
1014.0,46189,-8.0,1015.9,72.7,21.0,2020-10-03 13:42:57,93.0
1014.0,46189,-8.0,1015.9,72.8,21.0,2020-10-03 13:47:57,93.0
1014.0,46189,-8.0,1015.9,72.8,21.0,2020-10-03 13:52:57,93.0
1004.0,46189,-8.0,1015.9,72.8,21.0,2020-10-03 13:57:57,92.0
1004.0,46189,-8.0,1015.8,72.8,21.0,2020-10-03 14:02:58,92.0
1004.0,46189,-8.0,1015.8,72.9,21.0,2020-10-03 14:07:58,92.0
981.0,46189,-8.0,1015.8,72.8,21.0,2020-10-03 14:12:58,88.0
981.0,46189,-8.0,1015.8,72.7,21.1,2020-10-03 14:17:59,88.0
964.0,46189,-8.0,1015.8,72.3,21.2,2020-10-03 14:22:59,85.0
964.0,16389,-8.0,1257.7,100.0,-125.1,2020-10-03 14:27:59,75.0
954.0,46189,-8.0,1015.7,72.4,21.2,2020-10-03 14:33:00,84.0
954.0,46189,-8.0,1015.7,72.5,21.2,2020-10-03 14:38:00,84.0
942.0,46189,-8.0,1015.6,72.5,21.2,2020-10-03 14:43:00,82.0
942.0,46189,-8.0,1015.7,72.6,21.1,2020-10-03 14:48:00,82.0
942.0,46189,-8.0,1015.7,72.7,21.1,2020-10-03 14:53:01,82.0
933.0,46189,-8.0,1015.7,72.7,21.1,2020-10-03 14:58:01,81.0
915.0,46189,-8.0,1015.7,72.8,21.1,2020-10-03 15:03:01,78.0
925.0,46189,-8.0,1015.7,72.9,21.0,2020-10-03 15:08:01,79.0
925.0,46189,-8.0,1015.6,72.9,21.0,2020-10-03 15:13:01,79.0
905.0,46189,-8.0,1015.6,72.9,21.0,2020-10-03 15:18:02,76.0
728.0,46189,-8.0,1015.6,72.1,20.9,2020-10-03 15:23:02,49.0
728.0,46189,-8.0,1015.6,71.7,20.8,2020-10-03 15:28:02,49.0
652.0,46189,-8.0,1015.6,71.6,20.7,2020-10-03 15:33:02,38.0
652.0,46189,-8.0,1015.6,71.7,20.6,2020-10-03 15:38:03,38.0
638.0,46189,-8.0,1015.5,71.6,20.5,2020-10-03 15:43:03,36.0
728.0,46189,-8.0,1015.5,71.9,20.6,2020-10-03 15:48:03,49.0
806.0,46189,-8.0,1015.4,72.3,20.7,2020-10-03 15:53:04,61.0
895.0,46189,-8.0,1015.4,72.4,20.7,2020-10-03 15:58:04,75.0
905.0,46189,-8.0,1015.4,72.5,20.8,2020-10-03 16:03:04,76.0
925.0,46189,-8.0,1015.4,72.6,20.8,2020-10-03 16:08:04,79.0
933.0,46189,-8.0,1015.4,72.6,20.9,2020-10-03 16:13:05,81.0
942.0,46189,-8.0,1015.4,72.6,20.9,2020-10-03 16:18:05,82.0
942.0,16389,-8.0,1257.7,100.0,-125.1,2020-10-03 16:23:05,82.0
838.0,46189,-8.0,1015.4,72.8,20.9,2020-10-03 16:28:05,66.0
942.0,46189,-8.0,1015.4,72.8,20.9,2020-10-03 16:33:06,82.0
942.0,46189,-8.0,1015.3,72.9,20.9,2020-10-03 16:38:06,82.0
942.0,46189,-8.0,1015.3,72.9,20.9,2020-10-03 16:43:06,82.0
942.0,46189,-8.0,1015.3,72.9,20.9,2020-10-03 16:48:07,82.0
933.0,46189,-8.0,1015.3,72.9,20.9,2020-10-03 16:53:07,81.0
942.0,46189,-8.0,1015.3,73.0,20.9,2020-10-03 16:58:07,82.0
882.0,16389,-8.0,1257.7,100.0,-125.1,2020-10-03 17:03:08,73.0
942.0,46189,-8.0,1015.3,73.0,21.0,2020-10-03 17:08:08,82.0
954.0,46189,-8.0,1015.3,72.1,21.2,2020-10-03 17:13:08,84.0
942.0,46189,-8.0,1015.3,71.7,21.4,2020-10-03 17:18:09,82.0
964.0,46189,-8.0,1015.3,71.3,21.6,2020-10-03 17:23:09,85.0
964.0,46189,-8.0,1015.2,71.0,21.7,2020-10-03 17:28:09,85.0
964.0,46189,-8.0,1015.2,70.8,21.7,2020-10-03 17:33:09,85.0
895.0,46189,-8.0,1015.2,70.6,21.8,2020-10-03 17:38:10,75.0
981.0,46189,-8.0,1015.2,70.5,21.9,2020-10-03 17:43:10,88.0
981.0,46189,-8.0,1015.2,70.4,21.9,2020-10-03 17:48:10,88.0
981.0,46189,-8.0,1015.2,70.4,21.9,2020-10-03 17:53:10,88.0
981.0,46189,-8.0,1015.2,70.4,21.9,2020-10-03 17:58:11,88.0
992.0,46189,-8.0,1015.2,70.4,21.9,2020-10-03 18:03:11,90.0
981.0,46189,-8.0,1015.2,70.4,22.0,2020-10-03 18:08:11,88.0
981.0,46189,-8.0,1015.1,70.4,22.0,2020-10-03 18:13:11,88.0
992.0,46189,-8.0,1015.1,70.3,22.0,2020-10-03 18:18:11,90.0
1038.0,46189,-8.0,1015.1,70.2,22.0,2020-10-03 18:23:12,97.0
1090.0,46189,-8.0,1015.1,70.3,22.0,2020-10-03 18:28:12,105.0
1102.0,46189,-8.0,1015.1,70.2,22.0,2020-10-03 18:33:12,106.0
1131.0,46189,-8.0,1015.2,70.1,22.1,2020-10-03 18:38:12,111.0
1131.0,46189,-8.0,1015.1,70.0,22.1,2020-10-03 18:43:13,111.0
1156.0,46189,-8.0,1015.1,70.2,22.0,2020-10-03 18:48:13,115.0
1062.0,46189,-8.0,1015.1,70.0,22.0,2020-10-03 18:53:13,100.0
1062.0,46189,-8.0,1015.1,70.0,22.0,2020-10-03 18:58:14,100.0
1131.0,46189,-8.0,1015.1,70.1,22.1,2020-10-03 19:03:14,111.0
1113.0,46189,-8.0,1015.2,70.0,22.1,2020-10-03 19:08:14,108.0
1090.0,46189,-8.0,1015.1,69.9,22.1,2020-10-03 19:13:14,105.0
1077.0,46189,-8.0,1015.1,69.9,22.1,2020-10-03 19:18:15,103.0
1050.0,46189,-8.0,1015.0,69.9,22.1,2020-10-03 19:23:15,99.0
1050.0,46189,-8.0,1015.1,69.9,22.1,2020-10-03 19:28:15,99.0
1050.0,46189,-8.0,1015.0,69.8,22.1,2020-10-03 19:33:15,99.0
1102.0,46189,-8.0,1015.0,69.8,22.1,2020-10-03 19:38:16,106.0
1102.0,46189,-8.0,1015.1,69.8,22.0,2020-10-03 19:43:16,106.0
1062.0,46189,-8.0,1015.2,69.8,22.1,2020-10-03 19:48:16,100.0
992.0,46189,-8.0,1015.2,69.7,22.1,2020-10-03 19:53:16,90.0
992.0,46189,-8.0,1015.2,69.7,22.1,2020-10-03 19:58:17,90.0
882.0,46189,-8.0,1015.2,69.6,22.1,2020-10-03 20:03:17,73.0
830.0,46189,-8.0,1015.2,69.7,22.0,2020-10-03 20:08:17,65.0
830.0,46189,-8.0,1015.3,69.7,22.0,2020-10-03 20:13:17,65.0
761.0,46189,-8.0,1015.3,69.8,22.0,2020-10-03 20:18:18,54.0
715.0,46189,-8.0,1015.3,69.8,21.9,2020-10-03 20:23:18,47.0
699.0,46189,-8.0,1015.3,69.8,21.9,2020-10-03 20:28:19,45.0
624.0,46189,-8.0,1015.3,69.8,21.9,2020-10-03 20:33:19,34.0
652.0,46189,-8.0,1015.3,69.7,21.9,2020-10-03 20:38:19,38.0
611.0,46189,-8.0,1015.3,69.7,22.0,2020-10-03 20:43:20,32.0
611.0,46189,-8.0,1015.4,69.7,22.0,2020-10-03 20:48:20,32.0
596.0,46189,-8.0,1015.4,69.6,21.9,2020-10-03 20:53:20,29.0
581.0,46189,-8.0,1015.5,69.6,21.9,2020-10-03 20:58:21,27.0
555.0,46189,-8.0,1015.5,69.6,21.9,2020-10-03 21:03:21,23.0
555.0,46189,-8.0,1015.6,69.6,21.9,2020-10-03 21:08:22,23.0
546.0,46189,-8.0,1015.6,69.6,21.9,2020-10-03 21:13:22,22.0
536.0,46189,-8.0,1015.7,69.5,21.9,2020-10-03 21:18:22,20.0
536.0,46189,-8.0,1015.7,69.5,22.0,2020-10-03 21:23:23,20.0
518.0,46189,-8.0,1015.7,69.3,22.0,2020-10-03 21:28:23,17.0
497.0,46189,-8.0,1015.7,69.3,22.0,2020-10-03 21:33:23,14.0
482.0,46189,-8.0,1015.8,69.3,22.0,2020-10-03 21:38:24,12.0
487.0,46189,-8.0,1015.8,69.3,22.0,2020-10-03 21:43:24,13.0
482.0,46189,-8.0,1015.9,69.3,21.9,2020-10-03 21:48:24,12.0
472.0,46189,-8.0,1016.0,69.3,21.9,2020-10-03 21:53:25,10.0
472.0,46189,-8.0,1016.0,69.2,22.0,2020-10-03 21:58:25,10.0
466.0,46189,-8.0,1016.0,69.3,22.0,2020-10-03 22:03:25,10.0
460.0,46189,-8.0,1016.0,69.2,22.0,2020-10-03 22:08:26,9.0
448.0,46189,-8.0,1016.1,69.2,22.0,2020-10-03 22:13:26,7.0
452.0,46189,-8.0,1016.1,69.2,22.0,2020-10-03 22:18:26,7.0
426.0,46189,-8.0,1016.1,69.1,22.0,2020-10-03 22:23:27,3.0
444.0,46189,-8.0,1016.1,69.2,22.0,2020-10-03 22:28:27,6.0
400.0,16389,-8.0,1257.7,100.0,-125.1,2020-10-03 22:33:27,0.0
441.0,46189,-8.0,1016.1,69.1,22.0,2020-10-03 22:38:28,6.0
435.0,46189,-8.0,1016.1,69.2,21.9,2020-10-03 22:43:28,5.0
456.0,46189,-8.0,1016.2,69.1,22.0,2020-10-03 22:48:28,8.0
456.0,46189,-8.0,1016.2,69.2,22.0,2020-10-03 22:53:29,8.0
448.0,46189,-8.0,1016.2,69.1,22.0,2020-10-03 22:58:29,7.0
445.0,46189,-8.0,1016.1,69.1,22.0,2020-10-03 23:03:29,6.0
439.0,46189,-8.0,1016.2,69.0,22.0,2020-10-03 23:08:29,5.0
443.0,46189,-8.0,1016.1,69.1,21.9,2020-10-03 23:13:30,6.0
447.0,46189,-8.0,1016.0,69.1,21.9,2020-10-03 23:18:30,7.0
452.0,46189,-8.0,1016.1,69.1,21.9,2020-10-03 23:23:30,7.0
423.0,46189,-8.0,1016.0,69.2,21.9,2020-10-03 23:28:31,3.0
423.0,46189,-8.0,1016.0,69.2,21.9,2020-10-03 23:33:31,3.0
413.0,46189,-8.0,1016.0,69.1,22.0,2020-10-03 23:38:31,1.0
443.0,46189,-8.0,1016.0,69.0,22.0,2020-10-03 23:43:32,6.0
445.0,46189,-8.0,1016.0,68.9,22.0,2020-10-03 23:48:32,6.0
